{
    "message":"",
    "success":true,
    "teamStandingInfoList":
    [
        {
            "awayLosses":0,
            "awayTies":0,
            "awayWins":3,
            "calendarYear":2026,
            "conferenceId":1021313024,
            "confLosses":0,
            "conferenceName":"AFC",
            "confTies":0,
            "confWins":5,
            "capRoom":230000000,
            "capAvailable":14660000,
            "capSpent":215340000,
            "defPassYds":1225,
            "defPassYdsRank":1,
            "defRushYds":700,
            "defRushYdsRank":9,
            "defTotalYds":1925,
            "defTotalYdsRank":1,
            "divisionId":1032192001,
            "divLosses":0,
            "divisionName":"AFC North",
            "divTies":0,
            "divWins":1,
            "homeLosses":0,
            "homeTies":0,
            "homeWins":5,
            "netPts":524,
            "offPassYds":3928,
            "offPassYdsRank":2,
            "offRushYds":1883,
            "offRushYdsRank":2,
            "offTotalYds":5811,
            "offTotalYdsRank":1,
            "ptsAgainstRank":1,
            "ptsForRank":1,
            "playoffStatus":1,
            "prevRank":1,
            "ptsAgainst":10,
            "ptsFor":76,
            "rank":1,
            "seed":1,
            "seasonIndex":7,
            "stageIndex":1,
            "totalLosses":0,
            "totalTies":0,
            "totalWins":8,
            "teamId":1034158139,
            "teamName":"Ravens",
            "teamOvr":91,
            "tODiff":23,
            "weekIndex":8,
            "winLossStreak":8,
            "winPct":1.0
        },
        {
            "awayLosses":1,
            "awayTies":0,
            "awayWins":2,
            "calendarYear":2026,
            "conferenceId":1021313024,
            "confLosses":2,
            "conferenceName":"AFC",
            "confTies":0,
            "confWins":4,
            "capRoom":230000000,
            "capAvailable":25680000,
            "capSpent":204320000,
            "defPassYds":2010,
            "defPassYdsRank":20,
            "defRushYds":1131,
            "defRushYdsRank":29,
            "defTotalYds":3141,
            "defTotalYdsRank":29,
            "divisionId":1032192001,
            "divLosses":1,
            "divisionName":"AFC North",
            "divTies":0,
            "divWins":3,
            "homeLosses":1,
            "homeTies":0,
            "homeWins":4,
            "netPts":-68,
            "offPassYds":1600,
            "offPassYdsRank":21,
            "offRushYds":733,
            "offRushYdsRank":17,
            "offTotalYds":2333,
            "offTotalYdsRank":19,
            "ptsAgainstRank":24,
            "ptsForRank":16,
            "playoffStatus":1,
            "prevRank":31,
            "ptsAgainst":30,
            "ptsFor":22,
            "rank":6,
            "seed":6,
            "seasonIndex":7,
            "stageIndex":1,
            "totalLosses":2,
            "totalTies":0,
            "totalWins":6,
            "teamId":1034158143,
            "teamName":"Steelers",
            "teamOvr":78,
            "tODiff":-3,
            "weekIndex":8,
            "winLossStreak":3,
            "winPct":0.75
        },
        {
            "awayLosses":3,
            "awayTies":0,
            "awayWins":2,
            "calendarYear":2026,
            "conferenceId":1021313024,
            "confLosses":4,
            "conferenceName":"AFC",
            "confTies":0,
            "confWins":2,
            "capRoom":230000000,
            "capAvailable":25070000,
            "capSpent":204930000,
            "defPassYds":1746,
            "defPassYdsRank":11,
            "defRushYds":646,
            "defRushYdsRank":7,
            "defTotalYds":2392,
            "defTotalYdsRank":7,
            "divisionId":1032192001,
            "divLosses":1,
            "divisionName":"AFC North",
            "divTies":0,
            "divWins":1,
            "homeLosses":2,
            "homeTies":0,
            "homeWins":0,
            "netPts":-9,
            "offPassYds":1743,
            "offPassYdsRank":14,
            "offRushYds":691,
            "offRushYdsRank":21,
            "offTotalYds":2434,
            "offTotalYdsRank":17,
            "ptsAgainstRank":14,
            "ptsForRank":10,
            "playoffStatus":0,
            "prevRank":28,
            "ptsAgainst":24,
            "ptsFor":23,
            "rank":24,
            "seed":12,
            "seasonIndex":7,
            "stageIndex":1,
            "totalLosses":5,
            "totalTies":0,
            "totalWins":2,
            "teamId":1034158082,
            "teamName":"Bengals",
            "teamOvr":81,
            "tODiff":2,
            "weekIndex":8,
            "winLossStreak":254,
            "winPct":0.286
        },
        {
            "awayLosses":3,
            "awayTies":0,
            "awayWins":0,
            "calendarYear":2026,
            "conferenceId":1021313024,
            "confLosses":4,
            "conferenceName":"AFC",
            "confTies":0,
            "confWins":1,
            "capRoom":230000000,
            "capAvailable":22100000,
            "capSpent":207900000,
            "defPassYds":1840,
            "defPassYdsRank":14,
            "defRushYds":814,
            "defRushYdsRank":14,
            "defTotalYds":2654,
            "defTotalYdsRank":14,
            "divisionId":1032192001,
            "divLosses":3,
            "divisionName":"AFC North",
            "divTies":0,
            "divWins":0,
            "homeLosses":3,
            "homeTies":0,
            "homeWins":2,
            "netPts":-37,
            "offPassYds":1962,
            "offPassYdsRank":10,
            "offRushYds":786,
            "offRushYdsRank":12,
            "offTotalYds":2748,
            "offTotalYdsRank":9,
            "ptsAgainstRank":20,
            "ptsForRank":9,
            "playoffStatus":0,
            "prevRank":13,
            "ptsAgainst":28,
            "ptsFor":24,
            "rank":28,
            "seed":13,
            "seasonIndex":7,
            "stageIndex":1,
            "totalLosses":6,
            "totalTies":0,
            "totalWins":2,
            "teamId":1034158085,
            "teamName":"Browns",
            "teamOvr":79,
            "tODiff":-5,
            "weekIndex":8,
            "winLossStreak":254,
            "winPct":0.25
        },
        {
            "awayLosses":4,
            "awayTies":0,
            "awayWins":1,
            "calendarYear":2026,
            "conferenceId":1021313024,
            "confLosses":5,
            "conferenceName":"AFC",
            "confTies":0,
            "confWins":2,
            "capRoom":230000000,
            "capAvailable":4980000,
            "capSpent":225020000,
            "defPassYds":2122,
            "defPassYdsRank":25,
            "defRushYds":586,
            "defRushYdsRank":4,
            "defTotalYds":2708,
            "defTotalYdsRank":18,
            "divisionId":1032192002,
            "divLosses":2,
            "divisionName":"AFC South",
            "divTies":0,
            "divWins":0,
            "homeLosses":2,
            "homeTies":0,
            "homeWins":1,
            "netPts":-22,
            "offPassYds":1851,
            "offPassYdsRank":12,
            "offRushYds":588,
            "offRushYdsRank":30,
            "offTotalYds":2439,
            "offTotalYdsRank":16,
            "ptsAgainstRank":7,
            "ptsForRank":26,
            "playoffStatus":0,
            "prevRank":27,
            "ptsAgainst":21,
            "ptsFor":18,
            "rank":29,
            "seed":14,
            "seasonIndex":7,
            "stageIndex":1,
            "totalLosses":6,
            "totalTies":0,
            "totalWins":2,
            "teamId":1034158130,
            "teamName":"Jaguars",
            "teamOvr":81,
            "tODiff":4,
            "weekIndex":8,
            "winLossStreak":250,
            "winPct":0.25
        },
        {
            "awayLosses":2,
            "awayTies":0,
            "awayWins":1,
            "calendarYear":2026,
            "conferenceId":1021313024,
            "confLosses":2,
            "conferenceName":"AFC",
            "confTies":0,
            "confWins":4,
            "capRoom":230000000,
            "capAvailable":16650000,
            "capSpent":213350000,
            "defPassYds":1892,
            "defPassYdsRank":17,
            "defRushYds":711,
            "defRushYdsRank":10,
            "defTotalYds":2603,
            "defTotalYdsRank":11,
            "divisionId":1032192002,
            "divLosses":1,
            "divisionName":"AFC South",
            "divTies":0,
            "divWins":2,
            "homeLosses":0,
            "homeTies":0,
            "homeWins":5,
            "netPts":49,
            "offPassYds":2410,
            "offPassYdsRank":4,
            "offRushYds":1016,
            "offRushYdsRank":5,
            "offTotalYds":3426,
            "offTotalYdsRank":5,
            "ptsAgainstRank":15,
            "ptsForRank":5,
            "playoffStatus":0,
            "prevRank":4,
            "ptsAgainst":24,
            "ptsFor":30,
            "rank":8,
            "seed":7,
            "seasonIndex":7,
            "stageIndex":1,
            "totalLosses":2,
            "totalTies":0,
            "totalWins":6,
            "teamId":1034158145,
            "teamName":"Titans",
            "teamOvr":83,
            "tODiff":-5,
            "weekIndex":8,
            "winLossStreak":6,
            "winPct":0.75
        },
        {
            "awayLosses":1,
            "awayTies":0,
            "awayWins":1,
            "calendarYear":2026,
            "conferenceId":1021313024,
            "confLosses":3,
            "conferenceName":"AFC",
            "confTies":0,
            "confWins":1,
            "capRoom":230000000,
            "capAvailable":24530000,
            "capSpent":205470000,
            "defPassYds":2067,
            "defPassYdsRank":21,
            "defRushYds":1056,
            "defRushYdsRank":25,
            "defTotalYds":3123,
            "defTotalYdsRank":28,
            "divisionId":1032192002,
            "divLosses":1,
            "divisionName":"AFC South",
            "divTies":0,
            "divWins":1,
            "homeLosses":3,
            "homeTies":0,
            "homeWins":2,
            "netPts":-101,
            "offPassYds":1508,
            "offPassYdsRank":27,
            "offRushYds":594,
            "offRushYdsRank":28,
            "offTotalYds":2102,
            "offTotalYdsRank":28,
            "ptsAgainstRank":25,
            "ptsForRank":31,
            "playoffStatus":0,
            "prevRank":9,
            "ptsAgainst":30,
            "ptsFor":16,
            "rank":21,
            "seed":11,
            "seasonIndex":7,
            "stageIndex":1,
            "totalLosses":4,
            "totalTies":0,
            "totalWins":3,
            "teamId":1034158144,
            "teamName":"Texans",
            "teamOvr":79,
            "tODiff":-1,
            "weekIndex":8,
            "winLossStreak":255,
            "winPct":0.429
        },
        {
            "awayLosses":2,
            "awayTies":0,
            "awayWins":3,
            "calendarYear":2026,
            "conferenceId":1021313024,
            "confLosses":1,
            "conferenceName":"AFC",
            "confTies":0,
            "confWins":4,
            "capRoom":230000000,
            "capAvailable":6140000,
            "capSpent":223860000,
            "defPassYds":1796,
            "defPassYdsRank":13,
            "defRushYds":881,
            "defRushYdsRank":16,
            "defTotalYds":2677,
            "defTotalYdsRank":16,
            "divisionId":1032192002,
            "divLosses":0,
            "divisionName":"AFC South",
            "divTies":0,
            "divWins":1,
            "homeLosses":0,
            "homeTies":0,
            "homeWins":2,
            "netPts":-75,
            "offPassYds":1615,
            "offPassYdsRank":20,
            "offRushYds":634,
            "offRushYdsRank":26,
            "offTotalYds":2249,
            "offTotalYdsRank":23,
            "ptsAgainstRank":29,
            "ptsForRank":12,
            "playoffStatus":1,
            "prevRank":21,
            "ptsAgainst":34,
            "ptsFor":23,
            "rank":7,
            "seed":4,
            "seasonIndex":7,
            "stageIndex":1,
            "totalLosses":2,
            "totalTies":0,
            "totalWins":5,
            "teamId":1034158122,
            "teamName":"Colts",
            "teamOvr":80,
            "tODiff":-7,
            "weekIndex":8,
            "winLossStreak":255,
            "winPct":0.714
        },
        {
            "awayLosses":2,
            "awayTies":0,
            "awayWins":4,
            "calendarYear":2026,
            "conferenceId":1021313024,
            "confLosses":3,
            "conferenceName":"AFC",
            "confTies":0,
            "confWins":2,
            "capRoom":230000000,
            "capAvailable":4293507296,
            "capSpent":231460000,
            "defPassYds":1517,
            "defPassYdsRank":5,
            "defRushYds":1012,
            "defRushYdsRank":24,
            "defTotalYds":2529,
            "defTotalYdsRank":9,
            "divisionId":1032192000,
            "divLosses":2,
            "divisionName":"AFC East",
            "divTies":0,
            "divWins":1,
            "homeLosses":1,
            "homeTies":0,
            "homeWins":1,
            "netPts":-9,
            "offPassYds":1677,
            "offPassYdsRank":17,
            "offRushYds":533,
            "offRushYdsRank":32,
            "offTotalYds":2210,
            "offTotalYdsRank":25,
            "ptsAgainstRank":5,
            "ptsForRank":25,
            "playoffStatus":0,
            "prevRank":30,
            "ptsAgainst":19,
            "ptsFor":18,
            "rank":9,
            "seed":8,
            "seasonIndex":7,
            "stageIndex":1,
            "totalLosses":3,
            "totalTies":0,
            "totalWins":5,
            "teamId":1034158124,
            "teamName":"Dolphins",
            "teamOvr":81,
            "tODiff":3,
            "weekIndex":8,
            "winLossStreak":255,
            "winPct":0.625
        },
        {
            "awayLosses":2,
            "awayTies":0,
            "awayWins":0,
            "calendarYear":2026,
            "conferenceId":1021313024,
            "confLosses":5,
            "conferenceName":"AFC",
            "confTies":0,
            "confWins":0,
            "capRoom":230000000,
            "capAvailable":35310000,
            "capSpent":194690000,
            "defPassYds":2340,
            "defPassYdsRank":32,
            "defRushYds":1200,
            "defRushYdsRank":32,
            "defTotalYds":3540,
            "defTotalYdsRank":32,
            "divisionId":1032192000,
            "divLosses":2,
            "divisionName":"AFC East",
            "divTies":0,
            "divWins":0,
            "homeLosses":5,
            "homeTies":0,
            "homeWins":1,
            "netPts":-162,
            "offPassYds":1553,
            "offPassYdsRank":25,
            "offRushYds":656,
            "offRushYdsRank":24,
            "offTotalYds":2209,
            "offTotalYdsRank":26,
            "ptsAgainstRank":30,
            "ptsForRank":32,
            "playoffStatus":0,
            "prevRank":24,
            "ptsAgainst":35,
            "ptsFor":14,
            "rank":32,
            "seed":16,
            "seasonIndex":7,
            "stageIndex":1,
            "totalLosses":7,
            "totalTies":0,
            "totalWins":1,
            "teamId":1034158131,
            "teamName":"Jets",
            "teamOvr":79,
            "tODiff":-1,
            "weekIndex":8,
            "winLossStreak":252,
            "winPct":0.125
        },
        {
            "awayLosses":0,
            "awayTies":0,
            "awayWins":5,
            "calendarYear":2026,
            "conferenceId":1021313024,
            "confLosses":0,
            "conferenceName":"AFC",
            "confTies":0,
            "confWins":4,
            "capRoom":230000000,
            "capAvailable":37040000,
            "capSpent":192960000,
            "defPassYds":2192,
            "defPassYdsRank":26,
            "defRushYds":464,
            "defRushYdsRank":1,
            "defTotalYds":2656,
            "defTotalYdsRank":15,
            "divisionId":1032192000,
            "divLosses":0,
            "divisionName":"AFC East",
            "divTies":0,
            "divWins":1,
            "homeLosses":0,
            "homeTies":0,
            "homeWins":2,
            "netPts":343,
            "offPassYds":3933,
            "offPassYdsRank":1,
            "offRushYds":959,
            "offRushYdsRank":7,
            "offTotalYds":4892,
            "offTotalYdsRank":2,
            "ptsAgainstRank":11,
            "ptsForRank":2,
            "playoffStatus":1,
            "prevRank":5,
            "ptsAgainst":23,
            "ptsFor":72,
            "rank":3,
            "seed":2,
            "seasonIndex":7,
            "stageIndex":1,
            "totalLosses":0,
            "totalTies":0,
            "totalWins":7,
            "teamId":1034158136,
            "teamName":"Patriots",
            "teamOvr":88,
            "tODiff":6,
            "weekIndex":8,
            "winLossStreak":7,
            "winPct":1.0
        },
        {
            "awayLosses":0,
            "awayTies":0,
            "awayWins":3,
            "calendarYear":2026,
            "conferenceId":1021313024,
            "confLosses":1,
            "conferenceName":"AFC",
            "confTies":0,
            "confWins":6,
            "capRoom":230000000,
            "capAvailable":32350000,
            "capSpent":197650000,
            "defPassYds":1648,
            "defPassYdsRank":9,
            "defRushYds":566,
            "defRushYdsRank":3,
            "defTotalYds":2214,
            "defTotalYdsRank":5,
            "divisionId":1032192000,
            "divLosses":1,
            "divisionName":"AFC East",
            "divTies":0,
            "divWins":3,
            "homeLosses":1,
            "homeTies":0,
            "homeWins":5,
            "netPts":139,
            "offPassYds":2580,
            "offPassYdsRank":3,
            "offRushYds":1697,
            "offRushYdsRank":3,
            "offTotalYds":4277,
            "offTotalYdsRank":4,
            "ptsAgainstRank":12,
            "ptsForRank":4,
            "playoffStatus":1,
            "prevRank":6,
            "ptsAgainst":23,
            "ptsFor":39,
            "rank":4,
            "seed":5,
            "seasonIndex":7,
            "stageIndex":1,
            "totalLosses":1,
            "totalTies":0,
            "totalWins":8,
            "teamId":1034158083,
            "teamName":"Bills",
            "teamOvr":89,
            "tODiff":-8,
            "weekIndex":8,
            "winLossStreak":1,
            "winPct":0.889
        },
        {
            "awayLosses":4,
            "awayTies":0,
            "awayWins":1,
            "calendarYear":2026,
            "conferenceId":1021313024,
            "confLosses":4,
            "conferenceName":"AFC",
            "confTies":0,
            "confWins":1,
            "capRoom":230000000,
            "capAvailable":26680000,
            "capSpent":203320000,
            "defPassYds":2240,
            "defPassYdsRank":30,
            "defRushYds":1160,
            "defRushYdsRank":31,
            "defTotalYds":3400,
            "defTotalYdsRank":30,
            "divisionId":1032192003,
            "divLosses":1,
            "divisionName":"AFC West",
            "divTies":0,
            "divWins":1,
            "homeLosses":2,
            "homeTies":0,
            "homeWins":0,
            "netPts":-158,
            "offPassYds":1521,
            "offPassYdsRank":26,
            "offRushYds":537,
            "offRushYdsRank":31,
            "offTotalYds":2058,
            "offTotalYdsRank":30,
            "ptsAgainstRank":32,
            "ptsForRank":27,
            "playoffStatus":0,
            "prevRank":32,
            "ptsAgainst":40,
            "ptsFor":18,
            "rank":30,
            "seed":15,
            "seasonIndex":7,
            "stageIndex":1,
            "totalLosses":6,
            "totalTies":0,
            "totalWins":1,
            "teamId":1034158137,
            "teamName":"Raiders",
            "teamOvr":78,
            "tODiff":-1,
            "weekIndex":8,
            "winLossStreak":254,
            "winPct":0.143
        },
        {
            "awayLosses":3,
            "awayTies":0,
            "awayWins":1,
            "calendarYear":2026,
            "conferenceId":1021313024,
            "confLosses":4,
            "conferenceName":"AFC",
            "confTies":0,
            "confWins":1,
            "capRoom":230000000,
            "capAvailable":2510000,
            "capSpent":227490000,
            "defPassYds":1767,
            "defPassYdsRank":12,
            "defRushYds":870,
            "defRushYdsRank":15,
            "defTotalYds":2637,
            "defTotalYdsRank":13,
            "divisionId":1032192003,
            "divLosses":2,
            "divisionName":"AFC West",
            "divTies":0,
            "divWins":0,
            "homeLosses":1,
            "homeTies":0,
            "homeWins":2,
            "netPts":-36,
            "offPassYds":1728,
            "offPassYdsRank":15,
            "offRushYds":725,
            "offRushYdsRank":18,
            "offTotalYds":2453,
            "offTotalYdsRank":15,
            "ptsAgainstRank":16,
            "ptsForRank":22,
            "playoffStatus":0,
            "prevRank":26,
            "ptsAgainst":25,
            "ptsFor":20,
            "rank":20,
            "seed":10,
            "seasonIndex":7,
            "stageIndex":1,
            "totalLosses":4,
            "totalTies":0,
            "totalWins":3,
            "teamId":1034158084,
            "teamName":"Broncos",
            "teamOvr":81,
            "tODiff":3,
            "weekIndex":8,
            "winLossStreak":254,
            "winPct":0.429
        },
        {
            "awayLosses":1,
            "awayTies":0,
            "awayWins":3,
            "calendarYear":2026,
            "conferenceId":1021313024,
            "confLosses":1,
            "conferenceName":"AFC",
            "confTies":0,
            "confWins":5,
            "capRoom":230000000,
            "capAvailable":37120000,
            "capSpent":192880000,
            "defPassYds":1430,
            "defPassYdsRank":2,
            "defRushYds":635,
            "defRushYdsRank":6,
            "defTotalYds":2065,
            "defTotalYdsRank":2,
            "divisionId":1032192003,
            "divLosses":0,
            "divisionName":"AFC West",
            "divTies":0,
            "divWins":3,
            "homeLosses":0,
            "homeTies":0,
            "homeWins":4,
            "netPts":302,
            "offPassYds":2073,
            "offPassYdsRank":6,
            "offRushYds":2239,
            "offRushYdsRank":1,
            "offTotalYds":4312,
            "offTotalYdsRank":3,
            "ptsAgainstRank":2,
            "ptsForRank":3,
            "playoffStatus":1,
            "prevRank":3,
            "ptsAgainst":10,
            "ptsFor":47,
            "rank":5,
            "seed":3,
            "seasonIndex":7,
            "stageIndex":1,
            "totalLosses":1,
            "totalTies":0,
            "totalWins":7,
            "teamId":1034158120,
            "teamName":"Chargers",
            "teamOvr":88,
            "tODiff":6,
            "weekIndex":8,
            "winLossStreak":7,
            "winPct":0.875
        },
        {
            "awayLosses":2,
            "awayTies":0,
            "awayWins":1,
            "calendarYear":2026,
            "conferenceId":1021313024,
            "confLosses":4,
            "conferenceName":"AFC",
            "confTies":0,
            "confWins":1,
            "capRoom":230000000,
            "capAvailable":43720000,
            "capSpent":186280000,
            "defPassYds":2094,
            "defPassYdsRank":22,
            "defRushYds":976,
            "defRushYdsRank":23,
            "defTotalYds":3070,
            "defTotalYdsRank":22,
            "divisionId":1032192003,
            "divLosses":2,
            "divisionName":"AFC West",
            "divTies":0,
            "divWins":1,
            "homeLosses":2,
            "homeTies":0,
            "homeWins":3,
            "netPts":-103,
            "offPassYds":1584,
            "offPassYdsRank":24,
            "offRushYds":714,
            "offRushYdsRank":20,
            "offTotalYds":2298,
            "offTotalYdsRank":22,
            "ptsAgainstRank":23,
            "ptsForRank":24,
            "playoffStatus":0,
            "prevRank":10,
            "ptsAgainst":30,
            "ptsFor":18,
            "rank":16,
            "seed":9,
            "seasonIndex":7,
            "stageIndex":1,
            "totalLosses":4,
            "totalTies":0,
            "totalWins":4,
            "teamId":1034158121,
            "teamName":"Chiefs",
            "teamOvr":79,
            "tODiff":-8,
            "weekIndex":8,
            "winLossStreak":1,
            "winPct":0.5
        },
        {
            "awayLosses":2,
            "awayTies":0,
            "awayWins":2,
            "calendarYear":2026,
            "conferenceId":1024196608,
            "confLosses":3,
            "conferenceName":"NFC",
            "confTies":0,
            "confWins":2,
            "capRoom":230000000,
            "capAvailable":2340000,
            "capSpent":227660000,
            "defPassYds":2226,
            "defPassYdsRank":29,
            "defRushYds":887,
            "defRushYdsRank":17,
            "defTotalYds":3113,
            "defTotalYdsRank":27,
            "divisionId":1032192005,
            "divLosses":1,
            "divisionName":"NFC North",
            "divTies":0,
            "divWins":1,
            "homeLosses":3,
            "homeTies":0,
            "homeWins":1,
            "netPts":-77,
            "offPassYds":1982,
            "offPassYdsRank":9,
            "offRushYds":756,
            "offRushYdsRank":13,
            "offTotalYds":2738,
            "offTotalYdsRank":10,
            "ptsAgainstRank":26,
            "ptsForRank":18,
            "playoffStatus":0,
            "prevRank":22,
            "ptsAgainst":31,
            "ptsFor":21,
            "rank":22,
            "seed":11,
            "seasonIndex":7,
            "stageIndex":1,
            "totalLosses":5,
            "totalTies":0,
            "totalWins":3,
            "teamId":1034158132,
            "teamName":"Lions",
            "teamOvr":81,
            "tODiff":-2,
            "weekIndex":8,
            "winLossStreak":1,
            "winPct":0.375
        },
        {
            "awayLosses":1,
            "awayTies":1,
            "awayWins":2,
            "calendarYear":2026,
            "conferenceId":1024196608,
            "confLosses":2,
            "conferenceName":"NFC",
            "confTies":1,
            "confWins":2,
            "capRoom":230000000,
            "capAvailable":4270000,
            "capSpent":225730000,
            "defPassYds":2210,
            "defPassYdsRank":28,
            "defRushYds":902,
            "defRushYdsRank":19,
            "defTotalYds":3112,
            "defTotalYdsRank":26,
            "divisionId":1032192005,
            "divLosses":1,
            "divisionName":"NFC North",
            "divTies":1,
            "divWins":1,
            "homeLosses":3,
            "homeTies":0,
            "homeWins":1,
            "netPts":-38,
            "offPassYds":1882,
            "offPassYdsRank":11,
            "offRushYds":737,
            "offRushYdsRank":15,
            "offTotalYds":2619,
            "offTotalYdsRank":11,
            "ptsAgainstRank":17,
            "ptsForRank":19,
            "playoffStatus":1,
            "prevRank":25,
            "ptsAgainst":26,
            "ptsFor":21,
            "rank":17,
            "seed":4,
            "seasonIndex":7,
            "stageIndex":1,
            "totalLosses":4,
            "totalTies":1,
            "totalWins":3,
            "teamId":1034158134,
            "teamName":"Packers",
            "teamOvr":80,
            "tODiff":1,
            "weekIndex":8,
            "winLossStreak":1,
            "winPct":0.438
        },
        {
            "awayLosses":3,
            "awayTies":0,
            "awayWins":1,
            "calendarYear":2026,
            "conferenceId":1024196608,
            "confLosses":4,
            "conferenceName":"NFC",
            "confTies":0,
            "confWins":1,
            "capRoom":230000000,
            "capAvailable":32570000,
            "capSpent":197430000,
            "defPassYds":2201,
            "defPassYdsRank":27,
            "defRushYds":892,
            "defRushYdsRank":18,
            "defTotalYds":3093,
            "defTotalYdsRank":25,
            "divisionId":1032192005,
            "divLosses":2,
            "divisionName":"NFC North",
            "divTies":0,
            "divWins":1,
            "homeLosses":3,
            "homeTies":0,
            "homeWins":0,
            "netPts":-96,
            "offPassYds":1330,
            "offPassYdsRank":31,
            "offRushYds":627,
            "offRushYdsRank":27,
            "offTotalYds":1957,
            "offTotalYdsRank":32,
            "ptsAgainstRank":27,
            "ptsForRank":23,
            "playoffStatus":0,
            "prevRank":20,
            "ptsAgainst":31,
            "ptsFor":18,
            "rank":31,
            "seed":16,
            "seasonIndex":7,
            "stageIndex":1,
            "totalLosses":6,
            "totalTies":0,
            "totalWins":1,
            "teamId":1034158146,
            "teamName":"Vikings",
            "teamOvr":79,
            "tODiff":6,
            "weekIndex":8,
            "winLossStreak":255,
            "winPct":0.143
        },
        {
            "awayLosses":1,
            "awayTies":0,
            "awayWins":1,
            "calendarYear":2026,
            "conferenceId":1024196608,
            "confLosses":1,
            "conferenceName":"NFC",
            "confTies":1,
            "confWins":2,
            "capRoom":230000000,
            "capAvailable":17600000,
            "capSpent":212400000,
            "defPassYds":1701,
            "defPassYdsRank":10,
            "defRushYds":919,
            "defRushYdsRank":20,
            "defTotalYds":2620,
            "defTotalYdsRank":12,
            "divisionId":1032192005,
            "divLosses":0,
            "divisionName":"NFC North",
            "divTies":1,
            "divWins":1,
            "homeLosses":3,
            "homeTies":1,
            "homeWins":1,
            "netPts":-38,
            "offPassYds":1459,
            "offPassYdsRank":28,
            "offRushYds":788,
            "offRushYdsRank":11,
            "offTotalYds":2247,
            "offTotalYdsRank":24,
            "ptsAgainstRank":9,
            "ptsForRank":30,
            "playoffStatus":0,
            "prevRank":12,
            "ptsAgainst":22,
            "ptsFor":17,
            "rank":23,
            "seed":12,
            "seasonIndex":7,
            "stageIndex":1,
            "totalLosses":4,
            "totalTies":1,
            "totalWins":2,
            "teamId":1034158081,
            "teamName":"Bears",
            "teamOvr":83,
            "tODiff":3,
            "weekIndex":8,
            "winLossStreak":0,
            "winPct":0.357
        },
        {
            "awayLosses":5,
            "awayTies":0,
            "awayWins":0,
            "calendarYear":2026,
            "conferenceId":1024196608,
            "confLosses":5,
            "conferenceName":"NFC",
            "confTies":0,
            "confWins":1,
            "capRoom":230000000,
            "capAvailable":1870000,
            "capSpent":228130000,
            "defPassYds":2310,
            "defPassYdsRank":31,
            "defRushYds":1151,
            "defRushYdsRank":30,
            "defTotalYds":3461,
            "defTotalYdsRank":31,
            "divisionId":1032192006,
            "divLosses":4,
            "divisionName":"NFC South",
            "divTies":0,
            "divWins":0,
            "homeLosses":1,
            "homeTies":0,
            "homeWins":2,
            "netPts":-77,
            "offPassYds":2269,
            "offPassYdsRank":5,
            "offRushYds":748,
            "offRushYdsRank":14,
            "offTotalYds":3017,
            "offTotalYdsRank":7,
            "ptsAgainstRank":28,
            "ptsForRank":13,
            "playoffStatus":0,
            "prevRank":7,
            "ptsAgainst":33,
            "ptsFor":23,
            "rank":26,
            "seed":14,
            "seasonIndex":7,
            "stageIndex":1,
            "totalLosses":6,
            "totalTies":0,
            "totalWins":2,
            "teamId":1034158126,
            "teamName":"Falcons",
            "teamOvr":80,
            "tODiff":-4,
            "weekIndex":8,
            "winLossStreak":250,
            "winPct":0.25
        },
        {
            "awayLosses":2,
            "awayTies":0,
            "awayWins":2,
            "calendarYear":2026,
            "conferenceId":1024196608,
            "confLosses":2,
            "conferenceName":"NFC",
            "confTies":0,
            "confWins":4,
            "capRoom":230000000,
            "capAvailable":4292197296,
            "capSpent":232770000,
            "defPassYds":1574,
            "defPassYdsRank":6,
            "defRushYds":551,
            "defRushYdsRank":2,
            "defTotalYds":2125,
            "defTotalYdsRank":4,
            "divisionId":1032192006,
            "divLosses":1,
            "divisionName":"NFC South",
            "divTies":0,
            "divWins":1,
            "homeLosses":1,
            "homeTies":0,
            "homeWins":2,
            "netPts":43,
            "offPassYds":1655,
            "offPassYdsRank":18,
            "offRushYds":655,
            "offRushYdsRank":25,
            "offTotalYds":2310,
            "offTotalYdsRank":20,
            "ptsAgainstRank":3,
            "ptsForRank":14,
            "playoffStatus":1,
            "prevRank":19,
            "ptsAgainst":17,
            "ptsFor":23,
            "rank":10,
            "seed":6,
            "seasonIndex":7,
            "stageIndex":1,
            "totalLosses":3,
            "totalTies":0,
            "totalWins":4,
            "teamId":1034158135,
            "teamName":"Panthers",
            "teamOvr":81,
            "tODiff":4,
            "weekIndex":8,
            "winLossStreak":1,
            "winPct":0.571
        },
        {
            "awayLosses":2,
            "awayTies":0,
            "awayWins":2,
            "calendarYear":2026,
            "conferenceId":1024196608,
            "confLosses":2,
            "conferenceName":"NFC",
            "confTies":0,
            "confWins":3,
            "capRoom":230000000,
            "capAvailable":14230000,
            "capSpent":215770000,
            "defPassYds":2003,
            "defPassYdsRank":19,
            "defRushYds":1076,
            "defRushYdsRank":28,
            "defTotalYds":3079,
            "defTotalYdsRank":24,
            "divisionId":1032192006,
            "divLosses":0,
            "divisionName":"NFC South",
            "divTies":0,
            "divWins":2,
            "homeLosses":2,
            "homeTies":0,
            "homeWins":1,
            "netPts":-117,
            "offPassYds":1249,
            "offPassYdsRank":32,
            "offRushYds":829,
            "offRushYdsRank":10,
            "offTotalYds":2078,
            "offTotalYdsRank":29,
            "ptsAgainstRank":31,
            "ptsForRank":21,
            "playoffStatus":0,
            "prevRank":18,
            "ptsAgainst":37,
            "ptsFor":21,
            "rank":19,
            "seed":10,
            "seasonIndex":7,
            "stageIndex":1,
            "totalLosses":4,
            "totalTies":0,
            "totalWins":3,
            "teamId":1034158141,
            "teamName":"Saints",
            "teamOvr":81,
            "tODiff":-4,
            "weekIndex":8,
            "winLossStreak":255,
            "winPct":0.429
        },
        {
            "awayLosses":2,
            "awayTies":0,
            "awayWins":2,
            "calendarYear":2026,
            "conferenceId":1024196608,
            "confLosses":1,
            "conferenceName":"NFC",
            "confTies":0,
            "confWins":3,
            "capRoom":230000000,
            "capAvailable":12680000,
            "capSpent":217320000,
            "defPassYds":2119,
            "defPassYdsRank":24,
            "defRushYds":951,
            "defRushYdsRank":21,
            "defTotalYds":3070,
            "defTotalYdsRank":23,
            "divisionId":1032192006,
            "divLosses":0,
            "divisionName":"NFC South",
            "divTies":0,
            "divWins":2,
            "homeLosses":1,
            "homeTies":0,
            "homeWins":3,
            "netPts":-52,
            "offPassYds":1843,
            "offPassYdsRank":13,
            "offRushYds":721,
            "offRushYdsRank":19,
            "offTotalYds":2564,
            "offTotalYdsRank":13,
            "ptsAgainstRank":22,
            "ptsForRank":11,
            "playoffStatus":1,
            "prevRank":17,
            "ptsAgainst":29,
            "ptsFor":23,
            "rank":2,
            "seed":1,
            "seasonIndex":7,
            "stageIndex":1,
            "totalLosses":3,
            "totalTies":0,
            "totalWins":5,
            "teamId":1034158086,
            "teamName":"Buccaneers",
            "teamOvr":82,
            "tODiff":0,
            "weekIndex":8,
            "winLossStreak":2,
            "winPct":0.625
        },
        {
            "awayLosses":2,
            "awayTies":0,
            "awayWins":1,
            "calendarYear":2026,
            "conferenceId":1024196608,
            "confLosses":4,
            "conferenceName":"NFC",
            "confTies":0,
            "confWins":1,
            "capRoom":230000000,
            "capAvailable":33920000,
            "capSpent":196080000,
            "defPassYds":1886,
            "defPassYdsRank":16,
            "defRushYds":960,
            "defRushYdsRank":22,
            "defTotalYds":2846,
            "defTotalYdsRank":19,
            "divisionId":1032192004,
            "divLosses":2,
            "divisionName":"NFC East",
            "divTies":0,
            "divWins":1,
            "homeLosses":3,
            "homeTies":0,
            "homeWins":1,
            "netPts":-48,
            "offPassYds":1443,
            "offPassYdsRank":29,
            "offRushYds":918,
            "offRushYdsRank":9,
            "offTotalYds":2361,
            "offTotalYdsRank":18,
            "ptsAgainstRank":18,
            "ptsForRank":17,
            "playoffStatus":0,
            "prevRank":16,
            "ptsAgainst":28,
            "ptsFor":21,
            "rank":25,
            "seed":13,
            "seasonIndex":7,
            "stageIndex":1,
            "totalLosses":5,
            "totalTies":0,
            "totalWins":2,
            "teamId":1034158123,
            "teamName":"Cowboys",
            "teamOvr":81,
            "tODiff":-1,
            "weekIndex":8,
            "winLossStreak":1,
            "winPct":0.286
        },
        {
            "awayLosses":1,
            "awayTies":0,
            "awayWins":2,
            "calendarYear":2026,
            "conferenceId":1024196608,
            "confLosses":3,
            "conferenceName":"NFC",
            "confTies":0,
            "confWins":4,
            "capRoom":230000000,
            "capAvailable":35330000,
            "capSpent":194670000,
            "defPassYds":2106,
            "defPassYdsRank":23,
            "defRushYds":798,
            "defRushYdsRank":13,
            "defTotalYds":2904,
            "defTotalYdsRank":20,
            "divisionId":1032192004,
            "divLosses":2,
            "divisionName":"NFC East",
            "divTies":0,
            "divWins":2,
            "homeLosses":3,
            "homeTies":0,
            "homeWins":2,
            "netPts":17,
            "offPassYds":1990,
            "offPassYdsRank":8,
            "offRushYds":1049,
            "offRushYdsRank":4,
            "offTotalYds":3039,
            "offTotalYdsRank":6,
            "ptsAgainstRank":13,
            "ptsForRank":6,
            "playoffStatus":0,
            "prevRank":15,
            "ptsAgainst":24,
            "ptsFor":26,
            "rank":15,
            "seed":8,
            "seasonIndex":7,
            "stageIndex":1,
            "totalLosses":4,
            "totalTies":0,
            "totalWins":4,
            "teamId":1034158125,
            "teamName":"Eagles",
            "teamOvr":78,
            "tODiff":-2,
            "weekIndex":8,
            "winLossStreak":254,
            "winPct":0.5
        },
        {
            "awayLosses":2,
            "awayTies":0,
            "awayWins":3,
            "calendarYear":2026,
            "conferenceId":1024196608,
            "confLosses":2,
            "conferenceName":"NFC",
            "confTies":0,
            "confWins":4,
            "capRoom":230000000,
            "capAvailable":5720000,
            "capSpent":224280000,
            "defPassYds":1957,
            "defPassYdsRank":18,
            "defRushYds":742,
            "defRushYdsRank":11,
            "defTotalYds":2699,
            "defTotalYdsRank":17,
            "divisionId":1032192004,
            "divLosses":2,
            "divisionName":"NFC East",
            "divTies":0,
            "divWins":2,
            "homeLosses":2,
            "homeTies":0,
            "homeWins":1,
            "netPts":17,
            "offPassYds":2021,
            "offPassYdsRank":7,
            "offRushYds":938,
            "offRushYdsRank":8,
            "offTotalYds":2959,
            "offTotalYdsRank":8,
            "ptsAgainstRank":10,
            "ptsForRank":7,
            "playoffStatus":1,
            "prevRank":8,
            "ptsAgainst":23,
            "ptsFor":25,
            "rank":14,
            "seed":5,
            "seasonIndex":7,
            "stageIndex":1,
            "totalLosses":4,
            "totalTies":0,
            "totalWins":4,
            "teamId":1034158128,
            "teamName":"Giants",
            "teamOvr":78,
            "tODiff":-3,
            "weekIndex":8,
            "winLossStreak":255,
            "winPct":0.5
        },
        {
            "awayLosses":1,
            "awayTies":0,
            "awayWins":4,
            "calendarYear":2026,
            "conferenceId":1024196608,
            "confLosses":2,
            "conferenceName":"NFC",
            "confTies":0,
            "confWins":2,
            "capRoom":230000000,
            "capAvailable":32340000,
            "capSpent":197660000,
            "defPassYds":1474,
            "defPassYdsRank":3,
            "defRushYds":606,
            "defRushYdsRank":5,
            "defTotalYds":2080,
            "defTotalYdsRank":3,
            "divisionId":1032192004,
            "divLosses":1,
            "divisionName":"NFC East",
            "divTies":0,
            "divWins":2,
            "homeLosses":2,
            "homeTies":0,
            "homeWins":0,
            "netPts":21,
            "offPassYds":1642,
            "offPassYdsRank":19,
            "offRushYds":667,
            "offRushYdsRank":23,
            "offTotalYds":2309,
            "offTotalYdsRank":21,
            "ptsAgainstRank":4,
            "ptsForRank":20,
            "playoffStatus":1,
            "prevRank":11,
            "ptsAgainst":18,
            "ptsFor":21,
            "rank":13,
            "seed":3,
            "seasonIndex":7,
            "stageIndex":1,
            "totalLosses":3,
            "totalTies":0,
            "totalWins":4,
            "teamId":1034158140,
            "teamName":"Redskins",
            "teamOvr":80,
            "tODiff":1,
            "weekIndex":8,
            "winLossStreak":255,
            "winPct":0.571
        },
        {
            "awayLosses":2,
            "awayTies":0,
            "awayWins":1,
            "calendarYear":2026,
            "conferenceId":1024196608,
            "confLosses":4,
            "conferenceName":"NFC",
            "confTies":0,
            "confWins":2,
            "capRoom":230000000,
            "capAvailable":3130000,
            "capSpent":226870000,
            "defPassYds":1883,
            "defPassYdsRank":15,
            "defRushYds":1057,
            "defRushYdsRank":26,
            "defTotalYds":2940,
            "defTotalYdsRank":21,
            "divisionId":1032192007,
            "divLosses":3,
            "divisionName":"NFC West",
            "divTies":0,
            "divWins":1,
            "homeLosses":4,
            "homeTies":0,
            "homeWins":1,
            "netPts":-91,
            "offPassYds":1719,
            "offPassYdsRank":16,
            "offRushYds":735,
            "offRushYdsRank":16,
            "offTotalYds":2454,
            "offTotalYdsRank":14,
            "ptsAgainstRank":19,
            "ptsForRank":29,
            "playoffStatus":0,
            "prevRank":14,
            "ptsAgainst":28,
            "ptsFor":17,
            "rank":27,
            "seed":15,
            "seasonIndex":7,
            "stageIndex":1,
            "totalLosses":6,
            "totalTies":0,
            "totalWins":2,
            "teamId":1034158080,
            "teamName":"49ers",
            "teamOvr":81,
            "tODiff":-1,
            "weekIndex":8,
            "winLossStreak":255,
            "winPct":0.25
        },
        {
            "awayLosses":1,
            "awayTies":0,
            "awayWins":2,
            "calendarYear":2026,
            "conferenceId":1024196608,
            "confLosses":2,
            "conferenceName":"NFC",
            "confTies":0,
            "confWins":3,
            "capRoom":230000000,
            "capAvailable":3370000,
            "capSpent":226630000,
            "defPassYds":1603,
            "defPassYdsRank":7,
            "defRushYds":798,
            "defRushYdsRank":12,
            "defTotalYds":2401,
            "defTotalYdsRank":8,
            "divisionId":1032192007,
            "divLosses":2,
            "divisionName":"NFC West",
            "divTies":0,
            "divWins":1,
            "homeLosses":2,
            "homeTies":0,
            "homeWins":2,
            "netPts":17,
            "offPassYds":1596,
            "offPassYdsRank":22,
            "offRushYds":1010,
            "offRushYdsRank":6,
            "offTotalYds":2606,
            "offTotalYdsRank":12,
            "ptsAgainstRank":8,
            "ptsForRank":8,
            "playoffStatus":0,
            "prevRank":2,
            "ptsAgainst":22,
            "ptsFor":25,
            "rank":12,
            "seed":7,
            "seasonIndex":7,
            "stageIndex":1,
            "totalLosses":3,
            "totalTies":0,
            "totalWins":4,
            "teamId":1034158138,
            "teamName":"Rams",
            "teamOvr":81,
            "tODiff":1,
            "weekIndex":8,
            "winLossStreak":1,
            "winPct":0.571
        },
        {
            "awayLosses":1,
            "awayTies":0,
            "awayWins":3,
            "calendarYear":2026,
            "conferenceId":1024196608,
            "confLosses":2,
            "conferenceName":"NFC",
            "confTies":0,
            "confWins":3,
            "capRoom":230000000,
            "capAvailable":4860000,
            "capSpent":225140000,
            "defPassYds":1482,
            "defPassYdsRank":4,
            "defRushYds":1069,
            "defRushYdsRank":27,
            "defTotalYds":2551,
            "defTotalYdsRank":10,
            "divisionId":1032192007,
            "divLosses":0,
            "divisionName":"NFC West",
            "divTies":0,
            "divWins":2,
            "homeLosses":3,
            "homeTies":0,
            "homeWins":0,
            "netPts":-74,
            "offPassYds":1330,
            "offPassYdsRank":30,
            "offRushYds":675,
            "offRushYdsRank":22,
            "offTotalYds":2005,
            "offTotalYdsRank":31,
            "ptsAgainstRank":21,
            "ptsForRank":28,
            "playoffStatus":0,
            "prevRank":29,
            "ptsAgainst":28,
            "ptsFor":17,
            "rank":18,
            "seed":9,
            "seasonIndex":7,
            "stageIndex":1,
            "totalLosses":4,
            "totalTies":0,
            "totalWins":3,
            "teamId":1034158142,
            "teamName":"Seahawks",
            "teamOvr":79,
            "tODiff":2,
            "weekIndex":8,
            "winLossStreak":2,
            "winPct":0.429
        },
        {
            "awayLosses":2,
            "awayTies":0,
            "awayWins":1,
            "calendarYear":2026,
            "conferenceId":1024196608,
            "confLosses":1,
            "conferenceName":"NFC",
            "confTies":0,
            "confWins":3,
            "capRoom":230000000,
            "capAvailable":17420000,
            "capSpent":212580000,
            "defPassYds":1609,
            "defPassYdsRank":8,
            "defRushYds":664,
            "defRushYdsRank":8,
            "defTotalYds":2273,
            "defTotalYdsRank":6,
            "divisionId":1032192007,
            "divLosses":0,
            "divisionName":"NFC West",
            "divTies":0,
            "divWins":1,
            "homeLosses":1,
            "homeTies":0,
            "homeWins":3,
            "netPts":16,
            "offPassYds":1594,
            "offPassYdsRank":23,
            "offRushYds":593,
            "offRushYdsRank":29,
            "offTotalYds":2187,
            "offTotalYdsRank":27,
            "ptsAgainstRank":6,
            "ptsForRank":15,
            "playoffStatus":1,
            "prevRank":23,
            "ptsAgainst":19,
            "ptsFor":22,
            "rank":11,
            "seed":2,
            "seasonIndex":7,
            "stageIndex":1,
            "totalLosses":3,
            "totalTies":0,
            "totalWins":4,
            "teamId":1034158087,
            "teamName":"Cardinals",
            "teamOvr":80,
            "tODiff":6,
            "weekIndex":8,
            "winLossStreak":255,
            "winPct":0.571
        }
    ]
}