[{"fullName":"D.Jones","passAtt":33,"passComp":23,"passCompPct":69.696968,"passInts":0,"passLongest":20,"passPts":0,"passerRating":128.5,"passSacks":1,"passTDs":4,"passYds":228,"passYdsPerAtt":6.909091,"passYdsPerGame":207.25,"rosterId":555746683,"scheduleId":545390706,"seasonIndex":7,"statId":538056848,"stageIndex":1,"teamId":1034158131,"weekIndex":7},{"fullName":"J.Goff","passAtt":43,"passComp":27,"passCompPct":62.790699,"passInts":0,"passLongest":71,"passPts":0,"passerRating":109.800003,"passSacks":4,"passTDs":3,"passYds":332,"passYdsPerAtt":7.72093,"passYdsPerGame":252.25,"rosterId":555746236,"scheduleId":545390706,"seasonIndex":7,"statId":538052675,"stageIndex":1,"teamId":1034158132,"weekIndex":7},{"fullName":"T.Bridgewater","passAtt":38,"passComp":35,"passCompPct":92.105263,"passInts":0,"passLongest":38,"passPts":0,"passerRating":158.300003,"passSacks":1,"passTDs":9,"passYds":538,"passYdsPerAtt":14.157895,"passYdsPerGame":493.625,"rosterId":555745568,"scheduleId":545390739,"seasonIndex":7,"statId":538054087,"stageIndex":1,"teamId":1034158139,"weekIndex":7},{"fullName":"D.Prescott","passAtt":19,"passComp":9,"passCompPct":47.36842,"passInts":2,"passLongest":19,"passPts":0,"passerRating":15.3,"passSacks":4,"passTDs":0,"passYds":61,"passYdsPerAtt":3.210526,"passYdsPerGame":181,"rosterId":555747387,"scheduleId":545390739,"seasonIndex":7,"statId":538050620,"stageIndex":1,"teamId":1034158141,"weekIndex":7},{"fullName":"W.Judge","passAtt":25,"passComp":18,"passCompPct":72,"passInts":1,"passLongest":25,"passPts":0,"passerRating":106.199997,"passSacks":2,"passTDs":2,"passYds":205,"passYdsPerAtt":8.2,"passYdsPerGame":206.142853,"rosterId":555747008,"scheduleId":545390748,"seasonIndex":7,"statId":538056183,"stageIndex":1,"teamId":1034158123,"weekIndex":7},{"fullName":"D.Decker","passAtt":31,"passComp":22,"passCompPct":70.967743,"passInts":1,"passLongest":23,"passPts":0,"passerRating":109.300003,"passSacks":3,"passTDs":2,"passYds":298,"passYdsPerAtt":9.612904,"passYdsPerGame":232.571426,"rosterId":555746328,"scheduleId":545390748,"seasonIndex":7,"statId":538051345,"stageIndex":1,"teamId":1034158122,"weekIndex":7},{"fullName":"M.Trubisky","passAtt":29,"passComp":21,"passCompPct":72.413795,"passInts":1,"passLongest":23,"passPts":0,"passerRating":106.5,"passSacks":4,"passTDs":1,"passYds":327,"passYdsPerAtt":11.275862,"passYdsPerGame":212.125,"rosterId":555747925,"scheduleId":545390749,"seasonIndex":7,"statId":538056169,"stageIndex":1,"teamId":1034158143,"weekIndex":7},{"fullName":"B.Barber","passAtt":1,"passComp":1,"passCompPct":100,"passInts":0,"passLongest":6,"passPts":0,"passerRating":91.599998,"passSacks":0,"passTDs":0,"passYds":6,"passYdsPerAtt":6,"passYdsPerGame":4.333333,"rosterId":555748143,"scheduleId":545390749,"seasonIndex":7,"statId":538051085,"stageIndex":1,"teamId":1034158143,"weekIndex":7},{"fullName":"D.Lock","passAtt":39,"passComp":24,"passCompPct":61.53846,"passInts":1,"passLongest":42,"passPts":0,"passerRating":93.900002,"passSacks":3,"passTDs":2,"passYds":320,"passYdsPerAtt":8.205129,"passYdsPerGame":229.125,"rosterId":555746910,"scheduleId":545390749,"seasonIndex":7,"statId":538054808,"stageIndex":1,"teamId":1034158130,"weekIndex":7},{"fullName":"B.Talley","passAtt":1,"passComp":1,"passCompPct":100,"passInts":0,"passLongest":10,"passPts":0,"passerRating":108.300003,"passSacks":0,"passTDs":0,"passYds":10,"passYdsPerAtt":10,"passYdsPerGame":2.714286,"rosterId":555748478,"scheduleId":545390749,"seasonIndex":7,"statId":538051856,"stageIndex":1,"teamId":1034158130,"weekIndex":7},{"fullName":"S.Stewart","passAtt":33,"passComp":20,"passCompPct":60.60606,"passInts":1,"passLongest":38,"passPts":0,"passerRating":100.099998,"passSacks":2,"passTDs":2,"passYds":317,"passYdsPerAtt":9.606061,"passYdsPerGame":323.875,"rosterId":555747606,"scheduleId":545390762,"seasonIndex":7,"statId":538055392,"stageIndex":1,"teamId":1034158145,"weekIndex":7},{"fullName":"S.Darnold","passAtt":29,"passComp":23,"passCompPct":79.310349,"passInts":1,"passLongest":27,"passPts":0,"passerRating":99.699997,"passSacks":2,"passTDs":2,"passYds":170,"passYdsPerAtt":5.862069,"passYdsPerGame":249.125,"rosterId":555745882,"scheduleId":545390762,"seasonIndex":7,"statId":538050907,"stageIndex":1,"teamId":1034158125,"weekIndex":7},{"fullName":"A.Durham","passAtt":31,"passComp":22,"passCompPct":70.967743,"passInts":0,"passLongest":25,"passPts":0,"passerRating":104.300003,"passSacks":0,"passTDs":1,"passYds":241,"passYdsPerAtt":7.774194,"passYdsPerGame":234.571426,"rosterId":555745355,"scheduleId":545390764,"seasonIndex":7,"statId":538052964,"stageIndex":1,"teamId":1034158140,"weekIndex":7},{"fullName":"L.Jackson","passAtt":30,"passComp":22,"passCompPct":73.333336,"passInts":0,"passLongest":25,"passPts":0,"passerRating":140.399994,"passSacks":4,"passTDs":4,"passYds":271,"passYdsPerAtt":9.033334,"passYdsPerGame":255.5,"rosterId":555746580,"scheduleId":545390764,"seasonIndex":7,"statId":538055292,"stageIndex":1,"teamId":1034158128,"weekIndex":7},{"fullName":"H.Whitaker","passAtt":1,"passComp":1,"passCompPct":100,"passInts":0,"passLongest":22,"passPts":0,"passerRating":118.699997,"passSacks":0,"passTDs":0,"passYds":22,"passYdsPerAtt":22,"passYdsPerGame":3.666667,"rosterId":555746518,"scheduleId":545390779,"seasonIndex":7,"statId":538055916,"stageIndex":1,"teamId":1034158146,"weekIndex":7},{"fullName":"J.Rosen","passAtt":27,"passComp":10,"passCompPct":37.037037,"passInts":1,"passLongest":24,"passPts":0,"passerRating":32,"passSacks":1,"passTDs":0,"passYds":94,"passYdsPerAtt":3.481482,"passYdsPerGame":197.857147,"rosterId":555747534,"scheduleId":545390779,"seasonIndex":7,"statId":538052379,"stageIndex":1,"teamId":1034158146,"weekIndex":7},{"fullName":"R.Sherman","passAtt":26,"passComp":19,"passCompPct":73.07692,"passInts":0,"passLongest":24,"passPts":0,"passerRating":121.900002,"passSacks":2,"passTDs":2,"passYds":208,"passYdsPerAtt":8,"passYdsPerGame":237.25,"rosterId":555746873,"scheduleId":545390779,"seasonIndex":7,"statId":538055509,"stageIndex":1,"teamId":1034158134,"weekIndex":7},{"fullName":"C.Wentz","passAtt":40,"passComp":26,"passCompPct":65,"passInts":0,"passLongest":22,"passPts":0,"passerRating":100.599998,"passSacks":2,"passTDs":2,"passYds":266,"passYdsPerAtt":6.65,"passYdsPerGame":226.428574,"rosterId":555748063,"scheduleId":545390760,"seasonIndex":7,"statId":538053977,"stageIndex":1,"teamId":1034158087,"weekIndex":7},{"fullName":"C.Wakefield","passAtt":1,"passComp":0,"passCompPct":0,"passInts":0,"passLongest":0,"passPts":0,"passerRating":39.5,"passSacks":0,"passTDs":0,"passYds":0,"passYdsPerAtt":0,"passYdsPerGame":0,"rosterId":555747837,"scheduleId":545390760,"seasonIndex":7,"statId":538056059,"stageIndex":1,"teamId":1034158087,"weekIndex":7},{"fullName":"A.Luck","passAtt":35,"passComp":26,"passCompPct":74.285713,"passInts":0,"passLongest":22,"passPts":0,"passerRating":125.199997,"passSacks":1,"passTDs":3,"passYds":275,"passYdsPerAtt":7.857143,"passYdsPerGame":212.25,"rosterId":555746942,"scheduleId":545390760,"seasonIndex":7,"statId":538053424,"stageIndex":1,"teamId":1034158121,"weekIndex":7},{"fullName":"D.Haskins Jr","passAtt":30,"passComp":13,"passCompPct":43.333332,"passInts":2,"passLongest":48,"passPts":0,"passerRating":43.299999,"passSacks":3,"passTDs":1,"passYds":157,"passYdsPerAtt":5.233333,"passYdsPerGame":217,"rosterId":555746378,"scheduleId":545390769,"seasonIndex":7,"statId":538052089,"stageIndex":1,"teamId":1034158080,"weekIndex":7},{"fullName":"J.Winston","passAtt":1,"passComp":1,"passCompPct":100,"passInts":0,"passLongest":10,"passPts":0,"passerRating":147.899994,"passSacks":0,"passTDs":1,"passYds":10,"passYdsPerAtt":10,"passYdsPerGame":171.428574,"rosterId":555748183,"scheduleId":545390769,"seasonIndex":7,"statId":538052445,"stageIndex":1,"teamId":1034158142,"weekIndex":7},{"fullName":"A.Anthony","passAtt":23,"passComp":14,"passCompPct":60.869564,"passInts":0,"passLongest":23,"passPts":0,"passerRating":105.300003,"passSacks":1,"passTDs":2,"passYds":130,"passYdsPerAtt":5.652174,"passYdsPerGame":16.25,"rosterId":555746254,"scheduleId":545390769,"seasonIndex":7,"statId":538052607,"stageIndex":1,"teamId":1034158142,"weekIndex":7},{"fullName":"D.Watson","passAtt":23,"passComp":17,"passCompPct":73.91304,"passInts":0,"passLongest":18,"passPts":0,"passerRating":120.699997,"passSacks":0,"passTDs":2,"passYds":155,"passYdsPerAtt":6.73913,"passYdsPerGame":226.285721,"rosterId":555748036,"scheduleId":545390698,"seasonIndex":7,"statId":538053241,"stageIndex":1,"teamId":1034158138,"weekIndex":7},{"fullName":"J.Allen","passAtt":18,"passComp":11,"passCompPct":61.111111,"passInts":1,"passLongest":18,"passPts":0,"passerRating":54.799999,"passSacks":2,"passTDs":0,"passYds":108,"passYdsPerAtt":6,"passYdsPerGame":228.857147,"rosterId":555745333,"scheduleId":545390698,"seasonIndex":7,"statId":538052775,"stageIndex":1,"teamId":1034158137,"weekIndex":7},{"fullName":"H.Tynes","passAtt":30,"passComp":23,"passCompPct":76.666664,"passInts":3,"passLongest":76,"passPts":0,"passerRating":118,"passSacks":6,"passTDs":4,"passYds":400,"passYdsPerAtt":13.333333,"passYdsPerGame":259,"rosterId":555746137,"scheduleId":545390746,"seasonIndex":7,"statId":538052563,"stageIndex":1,"teamId":1034158083,"weekIndex":7},{"fullName":"B.Stairs","passAtt":36,"passComp":25,"passCompPct":69.444443,"passInts":1,"passLongest":72,"passPts":0,"passerRating":127.099998,"passSacks":4,"passTDs":4,"passYds":361,"passYdsPerAtt":10.027778,"passYdsPerGame":578.428589,"rosterId":555748097,"scheduleId":545390746,"seasonIndex":7,"statId":538052378,"stageIndex":1,"teamId":1034158136,"weekIndex":7},{"fullName":"J.Garoppolo","passAtt":33,"passComp":23,"passCompPct":69.696968,"passInts":0,"passLongest":23,"passPts":0,"passerRating":121.599998,"passSacks":3,"passTDs":3,"passYds":247,"passYdsPerAtt":7.484848,"passYdsPerGame":249,"rosterId":555746192,"scheduleId":545390743,"seasonIndex":7,"statId":538054305,"stageIndex":1,"teamId":1034158085,"weekIndex":7},{"fullName":"T.Watt","passAtt":33,"passComp":24,"passCompPct":72.727272,"passInts":1,"passLongest":30,"passPts":0,"passerRating":105.599998,"passSacks":2,"passTDs":2,"passYds":280,"passYdsPerAtt":8.484848,"passYdsPerGame":232.75,"rosterId":555747663,"scheduleId":545390743,"seasonIndex":7,"statId":538055643,"stageIndex":1,"teamId":1034158086,"weekIndex":7},{"fullName":"K.Murray","passAtt":35,"passComp":23,"passCompPct":65.714287,"passInts":1,"passLongest":23,"passPts":0,"passerRating":84.400002,"passSacks":2,"passTDs":1,"passYds":252,"passYdsPerAtt":7.2,"passYdsPerGame":236.428574,"rosterId":555747188,"scheduleId":545390730,"seasonIndex":7,"statId":538051880,"stageIndex":1,"teamId":1034158135,"weekIndex":7},{"fullName":"P.Mahomes","passAtt":32,"passComp":22,"passCompPct":68.75,"passInts":1,"passLongest":75,"passPts":0,"passerRating":124.400002,"passSacks":2,"passTDs":3,"passYds":360,"passYdsPerAtt":11.25,"passYdsPerGame":289.625,"rosterId":555746963,"scheduleId":545390730,"seasonIndex":7,"statId":538053818,"stageIndex":1,"teamId":1034158126,"weekIndex":7}]