[{"fullName":"O.Howard","recCatches":3,"recCatchPct":100,"recDrops":0,"recLongest":17,"recPts":0,"rosterId":555746499,"recTDs":0,"recToPct":0,"recYdsAfterCatch":14,"recYacPerCatch":4.666667,"recYds":35,"recYdsPerCatch":11.666667,"recYdsPerGame":57.125,"scheduleId":545390706,"seasonIndex":7,"statId":538056551,"stageIndex":1,"teamId":1034158131,"weekIndex":7},{"fullName":"A.Tate","recCatches":5,"recCatchPct":100,"recDrops":0,"recLongest":14,"recPts":0,"rosterId":555747824,"recTDs":0,"recToPct":0,"recYdsAfterCatch":29,"recYacPerCatch":5.8,"recYds":55,"recYdsPerCatch":11,"recYdsPerGame":39.75,"scheduleId":545390706,"seasonIndex":7,"statId":538051909,"stageIndex":1,"teamId":1034158131,"weekIndex":7},{"fullName":"M.Mack","recCatches":1,"recCatchPct":100,"recDrops":0,"recLongest":17,"recPts":0,"rosterId":555746955,"recTDs":0,"recToPct":0,"recYdsAfterCatch":9,"recYacPerCatch":9,"recYds":17,"recYdsPerCatch":17,"recYdsPerGame":22.875,"scheduleId":545390706,"seasonIndex":7,"statId":538055402,"stageIndex":1,"teamId":1034158131,"weekIndex":7},{"fullName":"N.Harry","recCatches":8,"recCatchPct":88.888885,"recDrops":1,"recLongest":14,"recPts":0,"rosterId":555746375,"recTDs":2,"recToPct":0,"recYdsAfterCatch":33,"recYacPerCatch":4.125,"recYds":55,"recYdsPerCatch":6.875,"recYdsPerGame":48.25,"scheduleId":545390706,"seasonIndex":7,"statId":538052573,"stageIndex":1,"teamId":1034158131,"weekIndex":7},{"fullName":"G.Boss","recCatches":6,"recCatchPct":100,"recDrops":0,"recLongest":20,"recPts":0,"rosterId":555745852,"recTDs":2,"recToPct":0,"recYdsAfterCatch":18,"recYacPerCatch":3,"recYds":66,"recYdsPerCatch":11,"recYdsPerGame":26.125,"scheduleId":545390706,"seasonIndex":7,"statId":537788419,"stageIndex":1,"teamId":1034158131,"weekIndex":7},{"fullName":"C.Kupp","recCatches":3,"recCatchPct":100,"recDrops":0,"recLongest":31,"recPts":0,"rosterId":555746804,"recTDs":1,"recToPct":0,"recYdsAfterCatch":23,"recYacPerCatch":7.666667,"recYds":46,"recYdsPerCatch":15.333333,"recYdsPerGame":31.125,"scheduleId":545390706,"seasonIndex":7,"statId":537788980,"stageIndex":1,"teamId":1034158132,"weekIndex":7},{"fullName":"D.Moore","recCatches":8,"recCatchPct":100,"recDrops":0,"recLongest":71,"recPts":0,"rosterId":555747141,"recTDs":1,"recToPct":0,"recYdsAfterCatch":87,"recYacPerCatch":10.875,"recYds":152,"recYdsPerCatch":19,"recYdsPerGame":74.75,"scheduleId":545390706,"seasonIndex":7,"statId":538055691,"stageIndex":1,"teamId":1034158132,"weekIndex":7},{"fullName":"D.Waller","recCatches":1,"recCatchPct":100,"recDrops":0,"recLongest":10,"recPts":0,"rosterId":555748005,"recTDs":0,"recToPct":0,"recYdsAfterCatch":4,"recYacPerCatch":4,"recYds":10,"recYdsPerCatch":10,"recYdsPerGame":4.5,"scheduleId":545390706,"seasonIndex":7,"statId":538050582,"stageIndex":1,"teamId":1034158132,"weekIndex":7},{"fullName":"A.Jones","recCatches":1,"recCatchPct":100,"recDrops":0,"recLongest":10,"recPts":0,"rosterId":555746667,"recTDs":0,"recToPct":0,"recYdsAfterCatch":2,"recYacPerCatch":2,"recYds":10,"recYdsPerCatch":10,"recYdsPerGame":21.125,"scheduleId":545390706,"seasonIndex":7,"statId":538055980,"stageIndex":1,"teamId":1034158132,"weekIndex":7},{"fullName":"C.Sutton","recCatches":1,"recCatchPct":100,"recDrops":0,"recLongest":10,"recPts":0,"rosterId":555746579,"recTDs":0,"recToPct":0,"recYdsAfterCatch":7,"recYacPerCatch":7,"recYds":10,"recYdsPerCatch":10,"recYdsPerGame":2.375,"scheduleId":545390706,"seasonIndex":7,"statId":538056688,"stageIndex":1,"teamId":1034158132,"weekIndex":7},{"fullName":"S.Bannister","recCatches":1,"recCatchPct":100,"recDrops":0,"recLongest":10,"recPts":0,"rosterId":555745972,"recTDs":0,"recToPct":0,"recYdsAfterCatch":3,"recYacPerCatch":3,"recYds":10,"recYdsPerCatch":10,"recYdsPerGame":9.142858,"scheduleId":545390706,"seasonIndex":7,"statId":538055784,"stageIndex":1,"teamId":1034158132,"weekIndex":7},{"fullName":"A.Lopez","recCatches":8,"recCatchPct":100,"recDrops":0,"recLongest":19,"recPts":0,"rosterId":555745903,"recTDs":1,"recToPct":0,"recYdsAfterCatch":19,"recYacPerCatch":2.375,"recYds":56,"recYdsPerCatch":7,"recYdsPerGame":57.375,"scheduleId":545390706,"seasonIndex":7,"statId":538056307,"stageIndex":1,"teamId":1034158132,"weekIndex":7},{"fullName":"T.Hill","recCatches":4,"recCatchPct":100,"recDrops":0,"recLongest":15,"recPts":0,"rosterId":555746448,"recTDs":0,"recToPct":0,"recYdsAfterCatch":14,"recYacPerCatch":3.5,"recYds":38,"recYdsPerCatch":9.5,"recYdsPerGame":54.375,"scheduleId":545390706,"seasonIndex":7,"statId":537788974,"stageIndex":1,"teamId":1034158132,"weekIndex":7},{"fullName":"M.Hardman","recCatches":10,"recCatchPct":83.333336,"recDrops":2,"recLongest":38,"recPts":0,"rosterId":555746344,"recTDs":2,"recToPct":0,"recYdsAfterCatch":17,"recYacPerCatch":1.7,"recYds":230,"recYdsPerCatch":23,"recYdsPerGame":275.75,"scheduleId":545390739,"seasonIndex":7,"statId":538052634,"stageIndex":1,"teamId":1034158139,"weekIndex":7},{"fullName":"C.Samuel","recCatches":18,"recCatchPct":100,"recDrops":0,"recLongest":20,"recPts":0,"rosterId":555747288,"recTDs":6,"recToPct":0,"recYdsAfterCatch":68,"recYacPerCatch":3.777778,"recYds":157,"recYdsPerCatch":8.722222,"recYdsPerGame":107.375,"scheduleId":545390739,"seasonIndex":7,"statId":538053789,"stageIndex":1,"teamId":1034158139,"weekIndex":7},{"fullName":"F.Grubbs","recCatches":7,"recCatchPct":100,"recDrops":0,"recLongest":27,"recPts":0,"rosterId":555746421,"recTDs":1,"recToPct":0,"recYdsAfterCatch":10,"recYacPerCatch":1.428571,"recYds":151,"recYdsPerCatch":21.571428,"recYdsPerGame":80.125,"scheduleId":545390739,"seasonIndex":7,"statId":538051859,"stageIndex":1,"teamId":1034158139,"weekIndex":7},{"fullName":"J.Smith","recCatches":0,"recCatchPct":0,"recDrops":1,"recLongest":0,"recPts":0,"rosterId":555747714,"recTDs":0,"recToPct":0,"recYdsAfterCatch":0,"recYacPerCatch":0,"recYds":0,"recYdsPerCatch":0,"recYdsPerGame":4.571429,"scheduleId":545390739,"seasonIndex":7,"statId":538056683,"stageIndex":1,"teamId":1034158141,"weekIndex":7},{"fullName":"M.Wagner","recCatches":3,"recCatchPct":100,"recDrops":0,"recLongest":4,"recPts":0,"rosterId":555746656,"recTDs":0,"recToPct":0,"recYdsAfterCatch":2,"recYacPerCatch":0.666667,"recYds":9,"recYdsPerCatch":3,"recYdsPerGame":30,"scheduleId":545390739,"seasonIndex":7,"statId":538051709,"stageIndex":1,"teamId":1034158141,"weekIndex":7},{"fullName":"N.Chubb","recCatches":2,"recCatchPct":100,"recDrops":0,"recLongest":11,"recPts":0,"rosterId":555745737,"recTDs":0,"recToPct":0,"recYdsAfterCatch":0,"recYacPerCatch":0,"recYds":19,"recYdsPerCatch":9.5,"recYdsPerGame":13.571428,"scheduleId":545390739,"seasonIndex":7,"statId":538054152,"stageIndex":1,"teamId":1034158141,"weekIndex":7},{"fullName":"P.Campbell","recCatches":3,"recCatchPct":100,"recDrops":0,"recLongest":9,"recPts":0,"rosterId":555745677,"recTDs":0,"recToPct":0,"recYdsAfterCatch":0,"recYacPerCatch":0,"recYds":14,"recYdsPerCatch":4.666667,"recYdsPerGame":20,"scheduleId":545390739,"seasonIndex":7,"statId":538052185,"stageIndex":1,"teamId":1034158141,"weekIndex":7},{"fullName":"K.Bullard","recCatches":1,"recCatchPct":100,"recDrops":0,"recLongest":19,"recPts":0,"rosterId":555748514,"recTDs":0,"recToPct":0,"recYdsAfterCatch":7,"recYacPerCatch":7,"recYds":19,"recYdsPerCatch":19,"recYdsPerGame":35,"scheduleId":545390739,"seasonIndex":7,"statId":538052633,"stageIndex":1,"teamId":1034158141,"weekIndex":7},{"fullName":"D.Pettis","recCatches":4,"recCatchPct":100,"recDrops":0,"recLongest":25,"recPts":0,"rosterId":555747348,"recTDs":0,"recToPct":0,"recYdsAfterCatch":19,"recYacPerCatch":4.75,"recYds":51,"recYdsPerCatch":12.75,"recYdsPerGame":53,"scheduleId":545390748,"seasonIndex":7,"statId":537788498,"stageIndex":1,"teamId":1034158123,"weekIndex":7},{"fullName":"J.Rafano","recCatches":4,"recCatchPct":100,"recDrops":0,"recLongest":11,"recPts":0,"rosterId":555748287,"recTDs":0,"recToPct":0,"recYdsAfterCatch":14,"recYacPerCatch":3.5,"recYds":32,"recYdsPerCatch":8,"recYdsPerGame":36.57143,"scheduleId":545390748,"seasonIndex":7,"statId":538053989,"stageIndex":1,"teamId":1034158123,"weekIndex":7},{"fullName":"J.Mixon","recCatches":1,"recCatchPct":50,"recDrops":1,"recLongest":14,"recPts":0,"rosterId":555747129,"recTDs":0,"recToPct":0,"recYdsAfterCatch":5,"recYacPerCatch":5,"recYds":14,"recYdsPerCatch":14,"recYdsPerGame":25.285715,"scheduleId":545390748,"seasonIndex":7,"statId":538053289,"stageIndex":1,"teamId":1034158123,"weekIndex":7},{"fullName":"L.Sullivan","recCatches":1,"recCatchPct":100,"recDrops":0,"recLongest":13,"recPts":0,"rosterId":555748053,"recTDs":0,"recToPct":0,"recYdsAfterCatch":7,"recYacPerCatch":7,"recYds":13,"recYdsPerCatch":13,"recYdsPerGame":3.571429,"scheduleId":545390748,"seasonIndex":7,"statId":538054280,"stageIndex":1,"teamId":1034158123,"weekIndex":7},{"fullName":"J.Owens","recCatches":4,"recCatchPct":100,"recDrops":0,"recLongest":11,"recPts":0,"rosterId":555748469,"recTDs":1,"recToPct":0,"recYdsAfterCatch":13,"recYacPerCatch":3.25,"recYds":30,"recYdsPerCatch":7.5,"recYdsPerGame":30,"scheduleId":545390748,"seasonIndex":7,"statId":538054347,"stageIndex":1,"teamId":1034158123,"weekIndex":7},{"fullName":"N.McAllister","recCatches":1,"recCatchPct":100,"recDrops":0,"recLongest":25,"recPts":0,"rosterId":555746872,"recTDs":0,"recToPct":0,"recYdsAfterCatch":7,"recYacPerCatch":7,"recYds":25,"recYdsPerCatch":25,"recYdsPerGame":7.285714,"scheduleId":545390748,"seasonIndex":7,"statId":538056911,"stageIndex":1,"teamId":1034158123,"weekIndex":7},{"fullName":"K.Shea","recCatches":2,"recCatchPct":66.666664,"recDrops":1,"recLongest":18,"recPts":0,"rosterId":555748312,"recTDs":0,"recToPct":0,"recYdsAfterCatch":6,"recYacPerCatch":3,"recYds":35,"recYdsPerCatch":17.5,"recYdsPerGame":6.571429,"scheduleId":545390748,"seasonIndex":7,"statId":538054627,"stageIndex":1,"teamId":1034158123,"weekIndex":7},{"fullName":"C.Armstrong","recCatches":1,"recCatchPct":100,"recDrops":0,"recLongest":5,"recPts":0,"rosterId":555747482,"recTDs":1,"recToPct":0,"recYdsAfterCatch":0,"recYacPerCatch":0,"recYds":5,"recYdsPerCatch":5,"recYdsPerGame":31,"scheduleId":545390748,"seasonIndex":7,"statId":538052966,"stageIndex":1,"teamId":1034158123,"weekIndex":7},{"fullName":"M.Evans","recCatches":5,"recCatchPct":100,"recDrops":0,"recLongest":23,"recPts":0,"rosterId":555746063,"recTDs":1,"recToPct":0,"recYdsAfterCatch":12,"recYacPerCatch":2.4,"recYds":79,"recYdsPerCatch":15.8,"recYdsPerGame":44.42857,"scheduleId":545390748,"seasonIndex":7,"statId":538052743,"stageIndex":1,"teamId":1034158122,"weekIndex":7},{"fullName":"B.Cooks","recCatches":4,"recCatchPct":100,"recDrops":0,"recLongest":14,"recPts":0,"rosterId":555745810,"recTDs":0,"recToPct":0,"recYdsAfterCatch":29,"recYacPerCatch":7.25,"recYds":44,"recYdsPerCatch":11,"recYdsPerGame":32.57143,"scheduleId":545390748,"seasonIndex":7,"statId":538054890,"stageIndex":1,"teamId":1034158122,"weekIndex":7},{"fullName":"W.Dissly","recCatches":5,"recCatchPct":100,"recDrops":0,"recLongest":22,"recPts":0,"rosterId":555745954,"recTDs":0,"recToPct":0,"recYdsAfterCatch":18,"recYacPerCatch":3.6,"recYds":57,"recYdsPerCatch":11.4,"recYdsPerGame":56.714287,"scheduleId":545390748,"seasonIndex":7,"statId":538050685,"stageIndex":1,"teamId":1034158122,"weekIndex":7},{"fullName":"D.Weldon","recCatches":7,"recCatchPct":100,"recDrops":0,"recLongest":23,"recPts":0,"rosterId":555748298,"recTDs":1,"recToPct":0,"recYdsAfterCatch":36,"recYacPerCatch":5.142857,"recYds":103,"recYdsPerCatch":14.714286,"recYdsPerGame":62.857143,"scheduleId":545390748,"seasonIndex":7,"statId":538053462,"stageIndex":1,"teamId":1034158122,"weekIndex":7},{"fullName":"D.Johnson Jr","recCatches":1,"recCatchPct":100,"recDrops":0,"recLongest":15,"recPts":0,"rosterId":555746625,"recTDs":0,"recToPct":0,"recYdsAfterCatch":8,"recYacPerCatch":8,"recYds":15,"recYdsPerCatch":15,"recYdsPerGame":6.428571,"scheduleId":545390748,"seasonIndex":7,"statId":538052767,"stageIndex":1,"teamId":1034158122,"weekIndex":7},{"fullName":"H.Renfrow","recCatches":10,"recCatchPct":100,"recDrops":0,"recLongest":23,"recPts":0,"rosterId":555747462,"recTDs":1,"recToPct":0,"recYdsAfterCatch":48,"recYacPerCatch":4.8,"recYds":159,"recYdsPerCatch":15.9,"recYdsPerGame":69.5,"scheduleId":545390749,"seasonIndex":7,"statId":538053491,"stageIndex":1,"teamId":1034158143,"weekIndex":7},{"fullName":"N.Boyle","recCatches":5,"recCatchPct":100,"recDrops":0,"recLongest":21,"recPts":0,"rosterId":555745542,"recTDs":0,"recToPct":0,"recYdsAfterCatch":23,"recYacPerCatch":4.6,"recYds":72,"recYdsPerCatch":14.4,"recYdsPerGame":11.625,"scheduleId":545390749,"seasonIndex":7,"statId":538055678,"stageIndex":1,"teamId":1034158143,"weekIndex":7},{"fullName":"L.Blake","recCatches":2,"recCatchPct":66.666664,"recDrops":1,"recLongest":18,"recPts":0,"rosterId":555748319,"recTDs":0,"recToPct":0,"recYdsAfterCatch":8,"recYacPerCatch":4,"recYds":33,"recYdsPerCatch":16.5,"recYdsPerGame":32.875,"scheduleId":545390749,"seasonIndex":7,"statId":538050655,"stageIndex":1,"teamId":1034158143,"weekIndex":7},{"fullName":"D.Marsh","recCatches":1,"recCatchPct":50,"recDrops":1,"recLongest":12,"recPts":0,"rosterId":555748378,"recTDs":0,"recToPct":0,"recYdsAfterCatch":4,"recYacPerCatch":4,"recYds":12,"recYdsPerCatch":12,"recYdsPerGame":40,"scheduleId":545390749,"seasonIndex":7,"statId":538054122,"stageIndex":1,"teamId":1034158143,"weekIndex":7},{"fullName":"C.Carson","recCatches":2,"recCatchPct":100,"recDrops":0,"recLongest":23,"recPts":0,"rosterId":555745700,"recTDs":0,"recToPct":0,"recYdsAfterCatch":19,"recYacPerCatch":9.5,"recYds":42,"recYdsPerCatch":21,"recYdsPerGame":13.375,"scheduleId":545390749,"seasonIndex":7,"statId":538053670,"stageIndex":1,"teamId":1034158143,"weekIndex":7},{"fullName":"F.Davis","recCatches":1,"recCatchPct":100,"recDrops":0,"recLongest":9,"recPts":0,"rosterId":555746753,"recTDs":0,"recToPct":0,"recYdsAfterCatch":2,"recYacPerCatch":2,"recYds":9,"recYdsPerCatch":9,"recYdsPerGame":4.714286,"scheduleId":545390749,"seasonIndex":7,"statId":538051240,"stageIndex":1,"teamId":1034158143,"weekIndex":7},{"fullName":"M.Brown","recCatches":3,"recCatchPct":100,"recDrops":0,"recLongest":25,"recPts":0,"rosterId":555745602,"recTDs":0,"recToPct":0,"recYdsAfterCatch":13,"recYacPerCatch":4.333333,"recYds":40,"recYdsPerCatch":13.333333,"recYdsPerGame":63.75,"scheduleId":545390749,"seasonIndex":7,"statId":538056423,"stageIndex":1,"teamId":1034158130,"weekIndex":7},{"fullName":"C.Samuel","recCatches":7,"recCatchPct":87.5,"recDrops":1,"recLongest":17,"recPts":0,"rosterId":555747565,"recTDs":1,"recToPct":0,"recYdsAfterCatch":19,"recYacPerCatch":2.714286,"recYds":54,"recYdsPerCatch":7.714286,"recYdsPerGame":33.125,"scheduleId":545390749,"seasonIndex":7,"statId":538053358,"stageIndex":1,"teamId":1034158130,"weekIndex":7},{"fullName":"W.Morrison","recCatches":3,"recCatchPct":75,"recDrops":1,"recLongest":24,"recPts":0,"rosterId":555747796,"recTDs":0,"recToPct":0,"recYdsAfterCatch":15,"recYacPerCatch":5,"recYds":43,"recYdsPerCatch":14.333333,"recYdsPerGame":10.125,"scheduleId":545390749,"seasonIndex":7,"statId":538052993,"stageIndex":1,"teamId":1034158130,"weekIndex":7},{"fullName":"S.McClain","recCatches":7,"recCatchPct":100,"recDrops":0,"recLongest":25,"recPts":0,"rosterId":555747896,"recTDs":0,"recToPct":0,"recYdsAfterCatch":34,"recYacPerCatch":4.857143,"recYds":81,"recYdsPerCatch":11.571428,"recYdsPerGame":45.75,"scheduleId":545390749,"seasonIndex":7,"statId":538053493,"stageIndex":1,"teamId":1034158130,"weekIndex":7},{"fullName":"D.Horn","recCatches":0,"recCatchPct":0,"recDrops":1,"recLongest":0,"recPts":0,"rosterId":555747594,"recTDs":0,"recToPct":0,"recYdsAfterCatch":0,"recYacPerCatch":0,"recYds":0,"recYdsPerCatch":0,"recYdsPerGame":20.75,"scheduleId":545390749,"seasonIndex":7,"statId":538051478,"stageIndex":1,"teamId":1034158130,"weekIndex":7},{"fullName":"R.Ridley","recCatches":5,"recCatchPct":100,"recDrops":0,"recLongest":42,"recPts":0,"rosterId":555747485,"recTDs":1,"recToPct":0,"recYdsAfterCatch":48,"recYacPerCatch":9.6,"recYds":112,"recYdsPerCatch":22.4,"recYdsPerGame":40.375,"scheduleId":545390749,"seasonIndex":7,"statId":538054258,"stageIndex":1,"teamId":1034158130,"weekIndex":7},{"fullName":"Z.Ertz","recCatches":3,"recCatchPct":75,"recDrops":1,"recLongest":38,"recPts":0,"rosterId":555746052,"recTDs":0,"recToPct":0,"recYdsAfterCatch":15,"recYacPerCatch":5,"recYds":65,"recYdsPerCatch":21.666666,"recYdsPerGame":69,"scheduleId":545390762,"seasonIndex":7,"statId":538056590,"stageIndex":1,"teamId":1034158145,"weekIndex":7},{"fullName":"K.Kinney","recCatches":2,"recCatchPct":100,"recDrops":0,"recLongest":12,"recPts":0,"rosterId":555748338,"recTDs":1,"recToPct":0,"recYdsAfterCatch":3,"recYacPerCatch":1.5,"recYds":13,"recYdsPerCatch":6.5,"recYdsPerGame":7.875,"scheduleId":545390762,"seasonIndex":7,"statId":538055306,"stageIndex":1,"teamId":1034158145,"weekIndex":7},{"fullName":"S.Barnett","recCatches":1,"recCatchPct":100,"recDrops":0,"recLongest":2,"recPts":0,"rosterId":555748050,"recTDs":0,"recToPct":0,"recYdsAfterCatch":1,"recYacPerCatch":1,"recYds":2,"recYdsPerCatch":2,"recYdsPerGame":4.375,"scheduleId":545390762,"seasonIndex":7,"statId":537788924,"stageIndex":1,"teamId":1034158145,"weekIndex":7},{"fullName":"L.Owens","recCatches":7,"recCatchPct":77.777779,"recDrops":2,"recLongest":24,"recPts":0,"rosterId":555748523,"recTDs":0,"recToPct":0,"recYdsAfterCatch":18,"recYacPerCatch":2.571429,"recYds":95,"recYdsPerCatch":13.571428,"recYdsPerGame":76.75,"scheduleId":545390762,"seasonIndex":7,"statId":538051526,"stageIndex":1,"teamId":1034158145,"weekIndex":7},{"fullName":"K.Harper","recCatches":7,"recCatchPct":77.777779,"recDrops":2,"recLongest":33,"recPts":0,"rosterId":555748527,"recTDs":1,"recToPct":0,"recYdsAfterCatch":26,"recYacPerCatch":3.714286,"recYds":142,"recYdsPerCatch":20.285715,"recYdsPerGame":128.375,"scheduleId":545390762,"seasonIndex":7,"statId":538056657,"stageIndex":1,"teamId":1034158145,"weekIndex":7},{"fullName":"A.Robinson II","recCatches":4,"recCatchPct":100,"recDrops":0,"recLongest":19,"recPts":0,"rosterId":555747506,"recTDs":1,"recToPct":0,"recYdsAfterCatch":13,"recYacPerCatch":3.25,"recYds":45,"recYdsPerCatch":11.25,"recYdsPerGame":73.625,"scheduleId":545390762,"seasonIndex":7,"statId":538056316,"stageIndex":1,"teamId":1034158125,"weekIndex":7},{"fullName":"E.Elliott","recCatches":7,"recCatchPct":87.5,"recDrops":1,"recLongest":9,"recPts":0,"rosterId":555746038,"recTDs":0,"recToPct":0,"recYdsAfterCatch":16,"recYacPerCatch":2.285714,"recYds":12,"recYdsPerCatch":1.714286,"recYdsPerGame":33.75,"scheduleId":545390762,"seasonIndex":7,"statId":538052941,"stageIndex":1,"teamId":1034158125,"weekIndex":7},{"fullName":"J.Luther","recCatches":1,"recCatchPct":100,"recDrops":0,"recLongest":5,"recPts":0,"rosterId":555746555,"recTDs":0,"recToPct":0,"recYdsAfterCatch":0,"recYacPerCatch":0,"recYds":5,"recYdsPerCatch":5,"recYdsPerGame":7.25,"scheduleId":545390762,"seasonIndex":7,"statId":538053820,"stageIndex":1,"teamId":1034158125,"weekIndex":7},{"fullName":"N.Byars","recCatches":4,"recCatchPct":100,"recDrops":0,"recLongest":27,"recPts":0,"rosterId":555748282,"recTDs":1,"recToPct":0,"recYdsAfterCatch":36,"recYacPerCatch":9,"recYds":47,"recYdsPerCatch":11.75,"recYdsPerGame":39.5,"scheduleId":545390762,"seasonIndex":7,"statId":538053231,"stageIndex":1,"teamId":1034158125,"weekIndex":7},{"fullName":"M.Boykin","recCatches":1,"recCatchPct":50,"recDrops":1,"recLongest":14,"recPts":0,"rosterId":555745539,"recTDs":0,"recToPct":0,"recYdsAfterCatch":5,"recYacPerCatch":5,"recYds":14,"recYdsPerCatch":14,"recYdsPerGame":39.5,"scheduleId":545390762,"seasonIndex":7,"statId":538052923,"stageIndex":1,"teamId":1034158125,"weekIndex":7},{"fullName":"D.Knox","recCatches":5,"recCatchPct":83.333336,"recDrops":1,"recLongest":16,"recPts":0,"rosterId":555746791,"recTDs":0,"recToPct":0,"recYdsAfterCatch":17,"recYacPerCatch":3.4,"recYds":36,"recYdsPerCatch":7.2,"recYdsPerGame":36.875,"scheduleId":545390762,"seasonIndex":7,"statId":538055391,"stageIndex":1,"teamId":1034158125,"weekIndex":7},{"fullName":"L.McIntosh","recCatches":1,"recCatchPct":100,"recDrops":0,"recLongest":11,"recPts":0,"rosterId":555745591,"recTDs":0,"recToPct":0,"recYdsAfterCatch":12,"recYacPerCatch":12,"recYds":11,"recYdsPerCatch":11,"recYdsPerGame":1.625,"scheduleId":545390762,"seasonIndex":7,"statId":538053532,"stageIndex":1,"teamId":1034158125,"weekIndex":7},{"fullName":"G.Dotson","recCatches":3,"recCatchPct":100,"recDrops":0,"recLongest":8,"recPts":0,"rosterId":555748482,"recTDs":0,"recToPct":0,"recYdsAfterCatch":13,"recYacPerCatch":4.333333,"recYds":19,"recYdsPerCatch":6.333333,"recYdsPerGame":59.857143,"scheduleId":545390764,"seasonIndex":7,"statId":538053366,"stageIndex":1,"teamId":1034158140,"weekIndex":7},{"fullName":"B.Tennant","recCatches":6,"recCatchPct":85.714287,"recDrops":1,"recLongest":23,"recPts":0,"rosterId":555746687,"recTDs":0,"recToPct":0,"recYdsAfterCatch":36,"recYacPerCatch":6,"recYds":72,"recYdsPerCatch":12,"recYdsPerGame":55,"scheduleId":545390764,"seasonIndex":7,"statId":538056640,"stageIndex":1,"teamId":1034158140,"weekIndex":7},{"fullName":"T.Pollard","recCatches":5,"recCatchPct":100,"recDrops":0,"recLongest":25,"recPts":0,"rosterId":555747375,"recTDs":1,"recToPct":0,"recYdsAfterCatch":22,"recYacPerCatch":4.4,"recYds":41,"recYdsPerCatch":8.2,"recYdsPerGame":14.571428,"scheduleId":545390764,"seasonIndex":7,"statId":538052357,"stageIndex":1,"teamId":1034158140,"weekIndex":7},{"fullName":"T.Upshaw","recCatches":7,"recCatchPct":100,"recDrops":0,"recLongest":24,"recPts":0,"rosterId":555746138,"recTDs":0,"recToPct":0,"recYdsAfterCatch":45,"recYacPerCatch":6.428571,"recYds":100,"recYdsPerCatch":14.285714,"recYdsPerGame":63.142857,"scheduleId":545390764,"seasonIndex":7,"statId":538053451,"stageIndex":1,"teamId":1034158140,"weekIndex":7},{"fullName":"K.Winn","recCatches":1,"recCatchPct":50,"recDrops":1,"recLongest":9,"recPts":0,"rosterId":555745721,"recTDs":0,"recToPct":0,"recYdsAfterCatch":7,"recYacPerCatch":7,"recYds":9,"recYdsPerCatch":9,"recYdsPerGame":32.142857,"scheduleId":545390764,"seasonIndex":7,"statId":537788427,"stageIndex":1,"teamId":1034158140,"weekIndex":7},{"fullName":"K.Golladay","recCatches":8,"recCatchPct":88.888885,"recDrops":1,"recLongest":25,"recPts":0,"rosterId":555746241,"recTDs":1,"recToPct":0,"recYdsAfterCatch":34,"recYacPerCatch":4.25,"recYds":102,"recYdsPerCatch":12.75,"recYdsPerGame":71.75,"scheduleId":545390764,"seasonIndex":7,"statId":538053518,"stageIndex":1,"teamId":1034158128,"weekIndex":7},{"fullName":"K.Coutee","recCatches":4,"recCatchPct":100,"recDrops":0,"recLongest":11,"recPts":0,"rosterId":555745825,"recTDs":1,"recToPct":0,"recYdsAfterCatch":11,"recYacPerCatch":2.75,"recYds":33,"recYdsPerCatch":8.25,"recYdsPerGame":56.875,"scheduleId":545390764,"seasonIndex":7,"statId":538053039,"stageIndex":1,"teamId":1034158128,"weekIndex":7},{"fullName":"T.Milstead","recCatches":4,"recCatchPct":100,"recDrops":0,"recLongest":23,"recPts":0,"rosterId":555746911,"recTDs":1,"recToPct":0,"recYdsAfterCatch":23,"recYacPerCatch":5.75,"recYds":60,"recYdsPerCatch":15,"recYdsPerGame":15.125,"scheduleId":545390764,"seasonIndex":7,"statId":538052750,"stageIndex":1,"teamId":1034158128,"weekIndex":7},{"fullName":"D.Fusco","recCatches":1,"recCatchPct":100,"recDrops":0,"recLongest":13,"recPts":0,"rosterId":555745805,"recTDs":0,"recToPct":0,"recYdsAfterCatch":5,"recYacPerCatch":5,"recYds":13,"recYdsPerCatch":13,"recYdsPerGame":6.375,"scheduleId":545390764,"seasonIndex":7,"statId":538054602,"stageIndex":1,"teamId":1034158128,"weekIndex":7},{"fullName":"K.Warring","recCatches":3,"recCatchPct":100,"recDrops":0,"recLongest":21,"recPts":0,"rosterId":555748022,"recTDs":0,"recToPct":0,"recYdsAfterCatch":18,"recYacPerCatch":6,"recYds":44,"recYdsPerCatch":14.666667,"recYdsPerGame":45.5,"scheduleId":545390764,"seasonIndex":7,"statId":538051162,"stageIndex":1,"teamId":1034158128,"weekIndex":7},{"fullName":"S.Abraham","recCatches":1,"recCatchPct":100,"recDrops":0,"recLongest":13,"recPts":0,"rosterId":555747419,"recTDs":1,"recToPct":0,"recYdsAfterCatch":5,"recYacPerCatch":5,"recYds":13,"recYdsPerCatch":13,"recYdsPerGame":3.5,"scheduleId":545390764,"seasonIndex":7,"statId":538056464,"stageIndex":1,"teamId":1034158128,"weekIndex":7},{"fullName":"R.Higgins","recCatches":1,"recCatchPct":50,"recDrops":1,"recLongest":6,"recPts":0,"rosterId":555746431,"recTDs":0,"recToPct":0,"recYdsAfterCatch":3,"recYacPerCatch":3,"recYds":6,"recYdsPerCatch":6,"recYdsPerGame":48.625,"scheduleId":545390764,"seasonIndex":7,"statId":538052400,"stageIndex":1,"teamId":1034158128,"weekIndex":7},{"fullName":"C.Sutton","recCatches":3,"recCatchPct":100,"recDrops":0,"recLongest":8,"recPts":0,"rosterId":555747802,"recTDs":0,"recToPct":0,"recYdsAfterCatch":16,"recYacPerCatch":5.333333,"recYds":20,"recYdsPerCatch":6.666667,"recYdsPerGame":33,"scheduleId":545390779,"seasonIndex":7,"statId":538054354,"stageIndex":1,"teamId":1034158146,"weekIndex":7},{"fullName":"J.Landry","recCatches":1,"recCatchPct":100,"recDrops":0,"recLongest":8,"recPts":0,"rosterId":555746823,"recTDs":0,"recToPct":0,"recYdsAfterCatch":6,"recYacPerCatch":6,"recYds":8,"recYdsPerCatch":8,"recYdsPerGame":34,"scheduleId":545390779,"seasonIndex":7,"statId":537788654,"stageIndex":1,"teamId":1034158146,"weekIndex":7},{"fullName":"E.Ebron","recCatches":4,"recCatchPct":100,"recDrops":0,"recLongest":24,"recPts":0,"rosterId":555746009,"recTDs":0,"recToPct":0,"recYdsAfterCatch":30,"recYacPerCatch":7.5,"recYds":62,"recYdsPerCatch":15.5,"recYdsPerGame":43.285713,"scheduleId":545390779,"seasonIndex":7,"statId":538055655,"stageIndex":1,"teamId":1034158146,"weekIndex":7},{"fullName":"S.Diggs","recCatches":3,"recCatchPct":100,"recDrops":0,"recLongest":15,"recPts":0,"rosterId":555745950,"recTDs":0,"recToPct":0,"recYdsAfterCatch":12,"recYacPerCatch":4,"recYds":26,"recYdsPerCatch":8.666667,"recYdsPerGame":64.85714,"scheduleId":545390779,"seasonIndex":7,"statId":538056007,"stageIndex":1,"teamId":1034158146,"weekIndex":7},{"fullName":"D.Samuel","recCatches":6,"recCatchPct":100,"recDrops":0,"recLongest":19,"recPts":0,"rosterId":555747566,"recTDs":2,"recToPct":0,"recYdsAfterCatch":21,"recYacPerCatch":3.5,"recYds":75,"recYdsPerCatch":12.5,"recYdsPerGame":63.25,"scheduleId":545390779,"seasonIndex":7,"statId":538056530,"stageIndex":1,"teamId":1034158134,"weekIndex":7},{"fullName":"M.Gesicki","recCatches":2,"recCatchPct":66.666664,"recDrops":1,"recLongest":6,"recPts":0,"rosterId":555746209,"recTDs":0,"recToPct":0,"recYdsAfterCatch":6,"recYacPerCatch":3,"recYds":10,"recYdsPerCatch":5,"recYdsPerGame":47.875,"scheduleId":545390779,"seasonIndex":7,"statId":538051007,"stageIndex":1,"teamId":1034158134,"weekIndex":7},{"fullName":"B.Lockhart","recCatches":1,"recCatchPct":100,"recDrops":0,"recLongest":24,"recPts":0,"rosterId":555745396,"recTDs":0,"recToPct":0,"recYdsAfterCatch":9,"recYacPerCatch":9,"recYds":24,"recYdsPerCatch":24,"recYdsPerGame":6.25,"scheduleId":545390779,"seasonIndex":7,"statId":538052093,"stageIndex":1,"teamId":1034158134,"weekIndex":7},{"fullName":"P.Williams","recCatches":5,"recCatchPct":100,"recDrops":0,"recLongest":19,"recPts":0,"rosterId":555748259,"recTDs":0,"recToPct":0,"recYdsAfterCatch":19,"recYacPerCatch":3.8,"recYds":46,"recYdsPerCatch":9.2,"recYdsPerGame":38.25,"scheduleId":545390779,"seasonIndex":7,"statId":538055026,"stageIndex":1,"teamId":1034158134,"weekIndex":7},{"fullName":"R.Simpson","recCatches":1,"recCatchPct":100,"recDrops":0,"recLongest":4,"recPts":0,"rosterId":555746413,"recTDs":0,"recToPct":0,"recYdsAfterCatch":3,"recYacPerCatch":3,"recYds":4,"recYdsPerCatch":4,"recYdsPerGame":31.375,"scheduleId":545390779,"seasonIndex":7,"statId":538053439,"stageIndex":1,"teamId":1034158134,"weekIndex":7},{"fullName":"D.Funchess","recCatches":4,"recCatchPct":100,"recDrops":0,"recLongest":18,"recPts":0,"rosterId":555746170,"recTDs":0,"recToPct":0,"recYdsAfterCatch":23,"recYacPerCatch":5.75,"recYds":49,"recYdsPerCatch":12.25,"recYdsPerGame":51.5,"scheduleId":545390779,"seasonIndex":7,"statId":538054958,"stageIndex":1,"teamId":1034158134,"weekIndex":7},{"fullName":"M.Thomas","recCatches":3,"recCatchPct":100,"recDrops":0,"recLongest":14,"recPts":0,"rosterId":555747869,"recTDs":0,"recToPct":0,"recYdsAfterCatch":12,"recYacPerCatch":4,"recYds":31,"recYdsPerCatch":10.333333,"recYdsPerGame":63.714287,"scheduleId":545390760,"seasonIndex":7,"statId":538054667,"stageIndex":1,"teamId":1034158087,"weekIndex":7},{"fullName":"G.Everett","recCatches":3,"recCatchPct":100,"recDrops":0,"recLongest":10,"recPts":0,"rosterId":555746066,"recTDs":1,"recToPct":0,"recYdsAfterCatch":11,"recYacPerCatch":3.666667,"recYds":25,"recYdsPerCatch":8.333333,"recYdsPerGame":8.571428,"scheduleId":545390760,"seasonIndex":7,"statId":538051566,"stageIndex":1,"teamId":1034158087,"weekIndex":7},{"fullName":"M.Polley","recCatches":3,"recCatchPct":100,"recDrops":0,"recLongest":13,"recPts":0,"rosterId":555748410,"recTDs":0,"recToPct":0,"recYdsAfterCatch":13,"recYacPerCatch":4.333333,"recYds":27,"recYdsPerCatch":9,"recYdsPerGame":21,"scheduleId":545390760,"seasonIndex":7,"statId":538054980,"stageIndex":1,"teamId":1034158087,"weekIndex":7},{"fullName":"N.Hunt","recCatches":1,"recCatchPct":100,"recDrops":0,"recLongest":16,"recPts":0,"rosterId":555747882,"recTDs":0,"recToPct":0,"recYdsAfterCatch":2,"recYacPerCatch":2,"recYds":16,"recYdsPerCatch":16,"recYdsPerGame":2.285714,"scheduleId":545390760,"seasonIndex":7,"statId":538055299,"stageIndex":1,"teamId":1034158087,"weekIndex":7},{"fullName":"T.Hanna","recCatches":3,"recCatchPct":75,"recDrops":1,"recLongest":12,"recPts":0,"rosterId":555748403,"recTDs":1,"recToPct":0,"recYdsAfterCatch":15,"recYacPerCatch":5,"recYds":29,"recYdsPerCatch":9.666667,"recYdsPerGame":20.857143,"scheduleId":545390760,"seasonIndex":7,"statId":538051757,"stageIndex":1,"teamId":1034158087,"weekIndex":7},{"fullName":"K.Tolbert","recCatches":1,"recCatchPct":100,"recDrops":0,"recLongest":11,"recPts":0,"rosterId":555745436,"recTDs":0,"recToPct":0,"recYdsAfterCatch":5,"recYacPerCatch":5,"recYds":11,"recYdsPerCatch":11,"recYdsPerGame":3,"scheduleId":545390760,"seasonIndex":7,"statId":537788896,"stageIndex":1,"teamId":1034158087,"weekIndex":7},{"fullName":"Z.Pascal","recCatches":5,"recCatchPct":100,"recDrops":0,"recLongest":22,"recPts":0,"rosterId":555747308,"recTDs":0,"recToPct":0,"recYdsAfterCatch":23,"recYacPerCatch":4.6,"recYds":59,"recYdsPerCatch":11.8,"recYdsPerGame":49.285713,"scheduleId":545390760,"seasonIndex":7,"statId":538052109,"stageIndex":1,"teamId":1034158087,"weekIndex":7},{"fullName":"L.Dunbar","recCatches":1,"recCatchPct":100,"recDrops":0,"recLongest":5,"recPts":0,"rosterId":555747418,"recTDs":0,"recToPct":0,"recYdsAfterCatch":2,"recYacPerCatch":2,"recYds":5,"recYdsPerCatch":5,"recYdsPerGame":19.571428,"scheduleId":545390760,"seasonIndex":7,"statId":538053777,"stageIndex":1,"teamId":1034158087,"weekIndex":7},{"fullName":"V.Sheard","recCatches":1,"recCatchPct":100,"recDrops":0,"recLongest":11,"recPts":0,"rosterId":555748153,"recTDs":0,"recToPct":0,"recYdsAfterCatch":5,"recYacPerCatch":5,"recYds":11,"recYdsPerCatch":11,"recYdsPerGame":6.714286,"scheduleId":545390760,"seasonIndex":7,"statId":537788782,"stageIndex":1,"teamId":1034158087,"weekIndex":7},{"fullName":"B.Berrios","recCatches":5,"recCatchPct":100,"recDrops":0,"recLongest":13,"recPts":0,"rosterId":555745481,"recTDs":0,"recToPct":0,"recYdsAfterCatch":21,"recYacPerCatch":4.2,"recYds":52,"recYdsPerCatch":10.4,"recYdsPerGame":29.285715,"scheduleId":545390760,"seasonIndex":7,"statId":538053284,"stageIndex":1,"teamId":1034158087,"weekIndex":7},{"fullName":"T.Gurley II","recCatches":3,"recCatchPct":75,"recDrops":1,"recLongest":20,"recPts":0,"rosterId":555746312,"recTDs":0,"recToPct":0,"recYdsAfterCatch":16,"recYacPerCatch":5.333333,"recYds":43,"recYdsPerCatch":14.333333,"recYdsPerGame":36.25,"scheduleId":545390760,"seasonIndex":7,"statId":538053815,"stageIndex":1,"teamId":1034158121,"weekIndex":7},{"fullName":"C.Herndon IV","recCatches":3,"recCatchPct":100,"recDrops":0,"recLongest":11,"recPts":0,"rosterId":555746419,"recTDs":2,"recToPct":0,"recYdsAfterCatch":6,"recYacPerCatch":2,"recYds":27,"recYdsPerCatch":9,"recYdsPerGame":28.875,"scheduleId":545390760,"seasonIndex":7,"statId":538056225,"stageIndex":1,"teamId":1034158121,"weekIndex":7},{"fullName":"R.Layman","recCatches":1,"recCatchPct":100,"recDrops":0,"recLongest":16,"recPts":0,"rosterId":555747843,"recTDs":0,"recToPct":0,"recYdsAfterCatch":1,"recYacPerCatch":1,"recYds":16,"recYdsPerCatch":16,"recYdsPerGame":2,"scheduleId":545390760,"seasonIndex":7,"statId":538050857,"stageIndex":1,"teamId":1034158121,"weekIndex":7},{"fullName":"G.White","recCatches":1,"recCatchPct":100,"recDrops":0,"recLongest":18,"recPts":0,"rosterId":555747269,"recTDs":0,"recToPct":0,"recYdsAfterCatch":3,"recYacPerCatch":3,"recYds":18,"recYdsPerCatch":18,"recYdsPerGame":4.375,"scheduleId":545390760,"seasonIndex":7,"statId":538055125,"stageIndex":1,"teamId":1034158121,"weekIndex":7},{"fullName":"K.Kidd","recCatches":3,"recCatchPct":100,"recDrops":0,"recLongest":10,"recPts":0,"rosterId":555747017,"recTDs":0,"recToPct":0,"recYdsAfterCatch":9,"recYacPerCatch":3,"recYds":22,"recYdsPerCatch":7.333333,"recYdsPerGame":53,"scheduleId":545390760,"seasonIndex":7,"statId":538052443,"stageIndex":1,"teamId":1034158121,"weekIndex":7},{"fullName":"H.Browning","recCatches":4,"recCatchPct":80,"recDrops":1,"recLongest":22,"recPts":0,"rosterId":555745606,"recTDs":0,"recToPct":0,"recYdsAfterCatch":22,"recYacPerCatch":5.5,"recYds":54,"recYdsPerCatch":13.5,"recYdsPerGame":31,"scheduleId":545390760,"seasonIndex":7,"statId":538055027,"stageIndex":1,"teamId":1034158121,"weekIndex":7},{"fullName":"J.Tolliver","recCatches":11,"recCatchPct":100,"recDrops":0,"recLongest":18,"recPts":0,"rosterId":555748504,"recTDs":1,"recToPct":0,"recYdsAfterCatch":45,"recYacPerCatch":4.090909,"recYds":95,"recYdsPerCatch":8.636364,"recYdsPerGame":54.5,"scheduleId":545390760,"seasonIndex":7,"statId":538055987,"stageIndex":1,"teamId":1034158121,"weekIndex":7},{"fullName":"D.Chark Jr","recCatches":2,"recCatchPct":100,"recDrops":0,"recLongest":4,"recPts":0,"rosterId":555745725,"recTDs":0,"recToPct":0,"recYdsAfterCatch":2,"recYacPerCatch":1,"recYds":7,"recYdsPerCatch":3.5,"recYdsPerGame":32.25,"scheduleId":545390769,"seasonIndex":7,"statId":538052455,"stageIndex":1,"teamId":1034158080,"weekIndex":7},{"fullName":"H.Henry","recCatches":3,"recCatchPct":75,"recDrops":1,"recLongest":22,"recPts":0,"rosterId":555746416,"recTDs":0,"recToPct":0,"recYdsAfterCatch":17,"recYacPerCatch":5.666667,"recYds":39,"recYdsPerCatch":13,"recYdsPerGame":51.125,"scheduleId":545390769,"seasonIndex":7,"statId":538054985,"stageIndex":1,"teamId":1034158080,"weekIndex":7},{"fullName":"L.Fournette","recCatches":4,"recCatchPct":100,"recDrops":0,"recLongest":12,"recPts":0,"rosterId":555746139,"recTDs":0,"recToPct":0,"recYdsAfterCatch":27,"recYacPerCatch":6.75,"recYds":31,"recYdsPerCatch":7.75,"recYdsPerGame":28,"scheduleId":545390769,"seasonIndex":7,"statId":538053671,"stageIndex":1,"teamId":1034158080,"weekIndex":7},{"fullName":"J.Arcega-Whiteside","recCatches":4,"recCatchPct":66.666664,"recDrops":2,"recLongest":48,"recPts":0,"rosterId":555745373,"recTDs":1,"recToPct":0,"recYdsAfterCatch":55,"recYacPerCatch":13.75,"recYds":80,"recYdsPerCatch":20,"recYdsPerGame":46.75,"scheduleId":545390769,"seasonIndex":7,"statId":538054570,"stageIndex":1,"teamId":1034158080,"weekIndex":7},{"fullName":"J.Conner","recCatches":0,"recCatchPct":0,"recDrops":1,"recLongest":0,"recPts":0,"rosterId":555745803,"recTDs":0,"recToPct":0,"recYdsAfterCatch":0,"recYacPerCatch":0,"recYds":0,"recYdsPerCatch":0,"recYdsPerGame":6.125,"scheduleId":545390769,"seasonIndex":7,"statId":538053667,"stageIndex":1,"teamId":1034158080,"weekIndex":7},{"fullName":"T.Boyd","recCatches":2,"recCatchPct":100,"recDrops":0,"recLongest":14,"recPts":0,"rosterId":555745537,"recTDs":1,"recToPct":0,"recYdsAfterCatch":7,"recYacPerCatch":3.5,"recYds":17,"recYdsPerCatch":8.5,"recYdsPerGame":27.428572,"scheduleId":545390769,"seasonIndex":7,"statId":538054699,"stageIndex":1,"teamId":1034158142,"weekIndex":7},{"fullName":"T.McLaurin","recCatches":2,"recCatchPct":100,"recDrops":0,"recLongest":14,"recPts":0,"rosterId":555747074,"recTDs":0,"recToPct":0,"recYdsAfterCatch":13,"recYacPerCatch":6.5,"recYds":22,"recYdsPerCatch":11,"recYdsPerGame":36.142857,"scheduleId":545390769,"seasonIndex":7,"statId":538056642,"stageIndex":1,"teamId":1034158142,"weekIndex":7},{"fullName":"D.Goedert","recCatches":4,"recCatchPct":100,"recDrops":0,"recLongest":23,"recPts":0,"rosterId":555746235,"recTDs":1,"recToPct":0,"recYdsAfterCatch":20,"recYacPerCatch":5,"recYds":57,"recYdsPerCatch":14.25,"recYdsPerGame":51.285713,"scheduleId":545390769,"seasonIndex":7,"statId":538053041,"stageIndex":1,"teamId":1034158142,"weekIndex":7},{"fullName":"J.Harold","recCatches":1,"recCatchPct":100,"recDrops":0,"recLongest":1,"recPts":0,"rosterId":555745729,"recTDs":1,"recToPct":0,"recYdsAfterCatch":0,"recYacPerCatch":0,"recYds":1,"recYdsPerCatch":1,"recYdsPerGame":2.285714,"scheduleId":545390769,"seasonIndex":7,"statId":538053055,"stageIndex":1,"teamId":1034158142,"weekIndex":7},{"fullName":"K.Duhon","recCatches":5,"recCatchPct":100,"recDrops":0,"recLongest":12,"recPts":0,"rosterId":555746783,"recTDs":0,"recToPct":0,"recYdsAfterCatch":24,"recYacPerCatch":4.8,"recYds":35,"recYdsPerCatch":7,"recYdsPerGame":24.857143,"scheduleId":545390769,"seasonIndex":7,"statId":537788876,"stageIndex":1,"teamId":1034158142,"weekIndex":7},{"fullName":"D.Johnson","recCatches":1,"recCatchPct":100,"recDrops":0,"recLongest":8,"recPts":0,"rosterId":555746635,"recTDs":0,"recToPct":0,"recYdsAfterCatch":5,"recYacPerCatch":5,"recYds":8,"recYdsPerCatch":8,"recYdsPerGame":32.285713,"scheduleId":545390769,"seasonIndex":7,"statId":538054998,"stageIndex":1,"teamId":1034158142,"weekIndex":7},{"fullName":"E.Engram","recCatches":5,"recCatchPct":100,"recDrops":0,"recLongest":17,"recPts":0,"rosterId":555746047,"recTDs":0,"recToPct":0,"recYdsAfterCatch":27,"recYacPerCatch":5.4,"recYds":52,"recYdsPerCatch":10.4,"recYdsPerGame":55,"scheduleId":545390698,"seasonIndex":7,"statId":538051584,"stageIndex":1,"teamId":1034158138,"weekIndex":7},{"fullName":"A.Brown","recCatches":3,"recCatchPct":100,"recDrops":0,"recLongest":15,"recPts":0,"rosterId":555745581,"recTDs":1,"recToPct":0,"recYdsAfterCatch":13,"recYacPerCatch":4.333333,"recYds":23,"recYdsPerCatch":7.666667,"recYdsPerGame":48,"scheduleId":545390698,"seasonIndex":7,"statId":538054943,"stageIndex":1,"teamId":1034158138,"weekIndex":7},{"fullName":"D.Harris","recCatches":3,"recCatchPct":100,"recDrops":0,"recLongest":18,"recPts":0,"rosterId":555748349,"recTDs":0,"recToPct":0,"recYdsAfterCatch":9,"recYacPerCatch":3,"recYds":28,"recYdsPerCatch":9.333333,"recYdsPerGame":33.42857,"scheduleId":545390698,"seasonIndex":7,"statId":538051391,"stageIndex":1,"teamId":1034158138,"weekIndex":7},{"fullName":"L.Brent","recCatches":5,"recCatchPct":83.333336,"recDrops":1,"recLongest":11,"recPts":0,"rosterId":555748479,"recTDs":1,"recToPct":0,"recYdsAfterCatch":19,"recYacPerCatch":3.8,"recYds":42,"recYdsPerCatch":8.4,"recYdsPerGame":58.42857,"scheduleId":545390698,"seasonIndex":7,"statId":537788799,"stageIndex":1,"teamId":1034158138,"weekIndex":7},{"fullName":"S.Lee","recCatches":1,"recCatchPct":100,"recDrops":0,"recLongest":10,"recPts":0,"rosterId":555747039,"recTDs":0,"recToPct":0,"recYdsAfterCatch":3,"recYacPerCatch":3,"recYds":10,"recYdsPerCatch":10,"recYdsPerGame":5.857143,"scheduleId":545390698,"seasonIndex":7,"statId":538055729,"stageIndex":1,"teamId":1034158138,"weekIndex":7},{"fullName":"A.Cooper","recCatches":1,"recCatchPct":100,"recDrops":0,"recLongest":10,"recPts":0,"rosterId":555745812,"recTDs":0,"recToPct":0,"recYdsAfterCatch":2,"recYacPerCatch":2,"recYds":10,"recYdsPerCatch":10,"recYdsPerGame":36.714287,"scheduleId":545390698,"seasonIndex":7,"statId":538054685,"stageIndex":1,"teamId":1034158137,"weekIndex":7},{"fullName":"C.Godwin","recCatches":5,"recCatchPct":100,"recDrops":0,"recLongest":13,"recPts":0,"rosterId":555746234,"recTDs":0,"recToPct":0,"recYdsAfterCatch":27,"recYacPerCatch":5.4,"recYds":53,"recYdsPerCatch":10.6,"recYdsPerGame":55.285713,"scheduleId":545390698,"seasonIndex":7,"statId":538052157,"stageIndex":1,"teamId":1034158137,"weekIndex":7},{"fullName":"N.Hines","recCatches":2,"recCatchPct":66.666664,"recDrops":1,"recLongest":11,"recPts":0,"rosterId":555746455,"recTDs":0,"recToPct":0,"recYdsAfterCatch":6,"recYacPerCatch":3,"recYds":16,"recYdsPerCatch":8,"recYdsPerGame":23.714285,"scheduleId":545390698,"seasonIndex":7,"statId":538056407,"stageIndex":1,"teamId":1034158137,"weekIndex":7},{"fullName":"K.Bourne","recCatches":3,"recCatchPct":100,"recDrops":0,"recLongest":18,"recPts":0,"rosterId":555745531,"recTDs":0,"recToPct":0,"recYdsAfterCatch":19,"recYacPerCatch":6.333333,"recYds":29,"recYdsPerCatch":9.666667,"recYdsPerGame":34.142857,"scheduleId":545390698,"seasonIndex":7,"statId":538053698,"stageIndex":1,"teamId":1034158137,"weekIndex":7},{"fullName":"S.Barkley","recCatches":6,"recCatchPct":100,"recDrops":0,"recLongest":12,"recPts":0,"rosterId":555745423,"recTDs":0,"recToPct":0,"recYdsAfterCatch":62,"recYacPerCatch":10.333333,"recYds":53,"recYdsPerCatch":8.833333,"recYdsPerGame":43.333332,"scheduleId":545390746,"seasonIndex":7,"statId":538052896,"stageIndex":1,"teamId":1034158083,"weekIndex":7},{"fullName":"R.Grigsby","recCatches":4,"recCatchPct":100,"recDrops":0,"recLongest":18,"recPts":0,"rosterId":555748431,"recTDs":0,"recToPct":0,"recYdsAfterCatch":21,"recYacPerCatch":5.25,"recYds":44,"recYdsPerCatch":11,"recYdsPerGame":20.333334,"scheduleId":545390746,"seasonIndex":7,"statId":538053613,"stageIndex":1,"teamId":1034158083,"weekIndex":7},{"fullName":"D.Metcalf","recCatches":9,"recCatchPct":100,"recDrops":0,"recLongest":76,"recPts":0,"rosterId":555747097,"recTDs":4,"recToPct":0,"recYdsAfterCatch":85,"recYacPerCatch":9.444445,"recYds":192,"recYdsPerCatch":21.333334,"recYdsPerGame":117.111115,"scheduleId":545390746,"seasonIndex":7,"statId":538053229,"stageIndex":1,"teamId":1034158083,"weekIndex":7},{"fullName":"W.McCoy","recCatches":0,"recCatchPct":0,"recDrops":1,"recLongest":0,"recPts":0,"rosterId":555745442,"recTDs":0,"recToPct":0,"recYdsAfterCatch":0,"recYacPerCatch":0,"recYds":0,"recYdsPerCatch":0,"recYdsPerGame":13.666667,"scheduleId":545390746,"seasonIndex":7,"statId":538052103,"stageIndex":1,"teamId":1034158083,"weekIndex":7},{"fullName":"J.Billups","recCatches":4,"recCatchPct":100,"recDrops":0,"recLongest":58,"recPts":0,"rosterId":555747546,"recTDs":0,"recToPct":0,"recYdsAfterCatch":46,"recYacPerCatch":11.5,"recYds":111,"recYdsPerCatch":27.75,"recYdsPerGame":108.333336,"scheduleId":545390746,"seasonIndex":7,"statId":538053517,"stageIndex":1,"teamId":1034158083,"weekIndex":7},{"fullName":"N.Fant","recCatches":9,"recCatchPct":100,"recDrops":0,"recLongest":72,"recPts":0,"rosterId":555746076,"recTDs":1,"recToPct":0,"recYdsAfterCatch":71,"recYacPerCatch":7.888889,"recYds":199,"recYdsPerCatch":22.111111,"recYdsPerGame":310.285706,"scheduleId":545390746,"seasonIndex":7,"statId":538051458,"stageIndex":1,"teamId":1034158136,"weekIndex":7},{"fullName":"T.Cone","recCatches":4,"recCatchPct":100,"recDrops":0,"recLongest":27,"recPts":0,"rosterId":555747733,"recTDs":1,"recToPct":0,"recYdsAfterCatch":6,"recYacPerCatch":1.5,"recYds":48,"recYdsPerCatch":12,"recYdsPerGame":86.571426,"scheduleId":545390746,"seasonIndex":7,"statId":538051899,"stageIndex":1,"teamId":1034158136,"weekIndex":7},{"fullName":"C.Money","recCatches":1,"recCatchPct":100,"recDrops":0,"recLongest":6,"recPts":0,"rosterId":555747170,"recTDs":0,"recToPct":0,"recYdsAfterCatch":4,"recYacPerCatch":4,"recYds":6,"recYdsPerCatch":6,"recYdsPerGame":0.857143,"scheduleId":545390746,"seasonIndex":7,"statId":538054764,"stageIndex":1,"teamId":1034158136,"weekIndex":7},{"fullName":"M.Noble","recCatches":5,"recCatchPct":100,"recDrops":0,"recLongest":21,"recPts":0,"rosterId":555745368,"recTDs":1,"recToPct":0,"recYdsAfterCatch":32,"recYacPerCatch":6.4,"recYds":65,"recYdsPerCatch":13,"recYdsPerGame":13.285714,"scheduleId":545390746,"seasonIndex":7,"statId":538051732,"stageIndex":1,"teamId":1034158136,"weekIndex":7},{"fullName":"D.Dukes","recCatches":3,"recCatchPct":100,"recDrops":0,"recLongest":10,"recPts":0,"rosterId":555747695,"recTDs":0,"recToPct":0,"recYdsAfterCatch":9,"recYacPerCatch":3,"recYds":28,"recYdsPerCatch":9.333333,"recYdsPerGame":11.571428,"scheduleId":545390746,"seasonIndex":7,"statId":538051722,"stageIndex":1,"teamId":1034158136,"weekIndex":7},{"fullName":"E.McClain","recCatches":1,"recCatchPct":100,"recDrops":0,"recLongest":5,"recPts":0,"rosterId":555745403,"recTDs":0,"recToPct":0,"recYdsAfterCatch":3,"recYacPerCatch":3,"recYds":5,"recYdsPerCatch":5,"recYdsPerGame":88.714287,"scheduleId":545390746,"seasonIndex":7,"statId":538053713,"stageIndex":1,"teamId":1034158136,"weekIndex":7},{"fullName":"D.Hopkins","recCatches":3,"recCatchPct":100,"recDrops":0,"recLongest":11,"recPts":0,"rosterId":555746487,"recTDs":1,"recToPct":0,"recYdsAfterCatch":10,"recYacPerCatch":3.333333,"recYds":29,"recYdsPerCatch":9.666667,"recYdsPerGame":53.875,"scheduleId":545390743,"seasonIndex":7,"statId":538052424,"stageIndex":1,"teamId":1034158085,"weekIndex":7},{"fullName":"A.Hooper","recCatches":6,"recCatchPct":85.714287,"recDrops":1,"recLongest":18,"recPts":0,"rosterId":555746486,"recTDs":0,"recToPct":0,"recYdsAfterCatch":27,"recYacPerCatch":4.5,"recYds":53,"recYdsPerCatch":8.833333,"recYdsPerGame":52.125,"scheduleId":545390743,"seasonIndex":7,"statId":538055629,"stageIndex":1,"teamId":1034158085,"weekIndex":7},{"fullName":"A.Kuper","recCatches":3,"recCatchPct":100,"recDrops":0,"recLongest":11,"recPts":0,"rosterId":555748341,"recTDs":1,"recToPct":0,"recYdsAfterCatch":11,"recYacPerCatch":3.666667,"recYds":24,"recYdsPerCatch":8,"recYdsPerGame":22.75,"scheduleId":545390743,"seasonIndex":7,"statId":537788902,"stageIndex":1,"teamId":1034158085,"weekIndex":7},{"fullName":"R.Gordon","recCatches":7,"recCatchPct":100,"recDrops":0,"recLongest":23,"recPts":0,"rosterId":555746600,"recTDs":0,"recToPct":0,"recYdsAfterCatch":32,"recYacPerCatch":4.571429,"recYds":82,"recYdsPerCatch":11.714286,"recYdsPerGame":43.75,"scheduleId":545390743,"seasonIndex":7,"statId":538054592,"stageIndex":1,"teamId":1034158085,"weekIndex":7},{"fullName":"J.Ross III","recCatches":4,"recCatchPct":100,"recDrops":0,"recLongest":21,"recPts":0,"rosterId":555747535,"recTDs":1,"recToPct":0,"recYdsAfterCatch":13,"recYacPerCatch":3.25,"recYds":59,"recYdsPerCatch":14.75,"recYdsPerGame":63.875,"scheduleId":545390743,"seasonIndex":7,"statId":538054991,"stageIndex":1,"teamId":1034158085,"weekIndex":7},{"fullName":"D.Henry","recCatches":4,"recCatchPct":100,"recDrops":0,"recLongest":30,"recPts":0,"rosterId":555746415,"recTDs":0,"recToPct":0,"recYdsAfterCatch":30,"recYacPerCatch":7.5,"recYds":86,"recYdsPerCatch":21.5,"recYdsPerGame":23.75,"scheduleId":545390743,"seasonIndex":7,"statId":538051419,"stageIndex":1,"teamId":1034158086,"weekIndex":7},{"fullName":"D.Slayton","recCatches":4,"recCatchPct":80,"recDrops":1,"recLongest":11,"recPts":0,"rosterId":555747687,"recTDs":1,"recToPct":0,"recYdsAfterCatch":14,"recYacPerCatch":3.5,"recYds":29,"recYdsPerCatch":7.25,"recYdsPerGame":36.5,"scheduleId":545390743,"seasonIndex":7,"statId":538052290,"stageIndex":1,"teamId":1034158086,"weekIndex":7},{"fullName":"K.Allen","recCatches":4,"recCatchPct":100,"recDrops":0,"recLongest":20,"recPts":0,"rosterId":555745335,"recTDs":0,"recToPct":0,"recYdsAfterCatch":13,"recYacPerCatch":3.25,"recYds":55,"recYdsPerCatch":13.75,"recYdsPerGame":65.875,"scheduleId":545390743,"seasonIndex":7,"statId":538054994,"stageIndex":1,"teamId":1034158086,"weekIndex":7},{"fullName":"D.Jordan","recCatches":1,"recCatchPct":100,"recDrops":0,"recLongest":6,"recPts":0,"rosterId":555745547,"recTDs":0,"recToPct":0,"recYdsAfterCatch":8,"recYacPerCatch":8,"recYds":6,"recYdsPerCatch":6,"recYdsPerGame":0.75,"scheduleId":545390743,"seasonIndex":7,"statId":537788916,"stageIndex":1,"teamId":1034158086,"weekIndex":7},{"fullName":"D.Njoku","recCatches":3,"recCatchPct":100,"recDrops":0,"recLongest":22,"recPts":0,"rosterId":555747226,"recTDs":0,"recToPct":0,"recYdsAfterCatch":9,"recYacPerCatch":3,"recYds":31,"recYdsPerCatch":10.333333,"recYdsPerGame":43,"scheduleId":545390743,"seasonIndex":7,"statId":538054046,"stageIndex":1,"teamId":1034158086,"weekIndex":7},{"fullName":"T.Smith","recCatches":7,"recCatchPct":100,"recDrops":0,"recLongest":15,"recPts":0,"rosterId":555747731,"recTDs":1,"recToPct":0,"recYdsAfterCatch":35,"recYacPerCatch":5,"recYds":67,"recYdsPerCatch":9.571428,"recYdsPerGame":36.875,"scheduleId":545390743,"seasonIndex":7,"statId":538054101,"stageIndex":1,"teamId":1034158086,"weekIndex":7},{"fullName":"J.Horsted","recCatches":1,"recCatchPct":100,"recDrops":0,"recLongest":6,"recPts":0,"rosterId":555748397,"recTDs":0,"recToPct":0,"recYdsAfterCatch":5,"recYacPerCatch":5,"recYds":6,"recYdsPerCatch":6,"recYdsPerGame":1.75,"scheduleId":545390743,"seasonIndex":7,"statId":538056801,"stageIndex":1,"teamId":1034158086,"weekIndex":7},{"fullName":"I.Smith Jr","recCatches":3,"recCatchPct":100,"recDrops":0,"recLongest":8,"recPts":0,"rosterId":555747692,"recTDs":0,"recToPct":0,"recYdsAfterCatch":16,"recYacPerCatch":5.333333,"recYds":22,"recYdsPerCatch":7.333333,"recYdsPerGame":47.42857,"scheduleId":545390730,"seasonIndex":7,"statId":538056071,"stageIndex":1,"teamId":1034158135,"weekIndex":7},{"fullName":"E.Higgins","recCatches":5,"recCatchPct":83.333336,"recDrops":1,"recLongest":16,"recPts":0,"rosterId":555747791,"recTDs":0,"recToPct":0,"recYdsAfterCatch":24,"recYacPerCatch":4.8,"recYds":39,"recYdsPerCatch":7.8,"recYdsPerGame":29.142857,"scheduleId":545390730,"seasonIndex":7,"statId":538052909,"stageIndex":1,"teamId":1034158135,"weekIndex":7},{"fullName":"J.Washington","recCatches":2,"recCatchPct":100,"recDrops":0,"recLongest":22,"recPts":0,"rosterId":555748028,"recTDs":0,"recToPct":0,"recYdsAfterCatch":16,"recYacPerCatch":8,"recYds":27,"recYdsPerCatch":13.5,"recYdsPerGame":50.42857,"scheduleId":545390730,"seasonIndex":7,"statId":538054538,"stageIndex":1,"teamId":1034158135,"weekIndex":7},{"fullName":"C.Benson","recCatches":6,"recCatchPct":100,"recDrops":0,"recLongest":23,"recPts":0,"rosterId":555747371,"recTDs":1,"recToPct":0,"recYdsAfterCatch":27,"recYacPerCatch":4.5,"recYds":99,"recYdsPerCatch":16.5,"recYdsPerGame":33.142857,"scheduleId":545390730,"seasonIndex":7,"statId":538051897,"stageIndex":1,"teamId":1034158135,"weekIndex":7},{"fullName":"H.Gaines","recCatches":7,"recCatchPct":100,"recDrops":0,"recLongest":15,"recPts":0,"rosterId":555746887,"recTDs":0,"recToPct":0,"recYdsAfterCatch":26,"recYacPerCatch":3.714286,"recYds":65,"recYdsPerCatch":9.285714,"recYdsPerGame":34.57143,"scheduleId":545390730,"seasonIndex":7,"statId":538054807,"stageIndex":1,"teamId":1034158135,"weekIndex":7},{"fullName":"J.Smith-Schuster","recCatches":3,"recCatchPct":100,"recDrops":0,"recLongest":25,"recPts":0,"rosterId":555747735,"recTDs":2,"recToPct":0,"recYdsAfterCatch":10,"recYacPerCatch":3.333333,"recYds":32,"recYdsPerCatch":10.666667,"recYdsPerGame":100.25,"scheduleId":545390730,"seasonIndex":7,"statId":538055978,"stageIndex":1,"teamId":1034158126,"weekIndex":7},{"fullName":"R.Penny","recCatches":2,"recCatchPct":100,"recDrops":0,"recLongest":24,"recPts":0,"rosterId":555747328,"recTDs":0,"recToPct":0,"recYdsAfterCatch":14,"recYacPerCatch":7,"recYds":33,"recYdsPerCatch":16.5,"recYdsPerGame":18.375,"scheduleId":545390730,"seasonIndex":7,"statId":538052846,"stageIndex":1,"teamId":1034158126,"weekIndex":7},{"fullName":"A.Miller","recCatches":13,"recCatchPct":100,"recDrops":0,"recLongest":75,"recPts":0,"rosterId":555747105,"recTDs":1,"recToPct":0,"recYdsAfterCatch":133,"recYacPerCatch":10.230769,"recYds":249,"recYdsPerCatch":19.153847,"recYdsPerGame":66.625,"scheduleId":545390730,"seasonIndex":7,"statId":538051845,"stageIndex":1,"teamId":1034158126,"weekIndex":7},{"fullName":"N.Logan","recCatches":3,"recCatchPct":100,"recDrops":0,"recLongest":13,"recPts":0,"rosterId":555747238,"recTDs":0,"recToPct":0,"recYdsAfterCatch":11,"recYacPerCatch":3.666667,"recYds":31,"recYdsPerCatch":10.333333,"recYdsPerGame":55.25,"scheduleId":545390730,"seasonIndex":7,"statId":538053163,"stageIndex":1,"teamId":1034158126,"weekIndex":7},{"fullName":"D.Westbrook","recCatches":1,"recCatchPct":100,"recDrops":0,"recLongest":15,"recPts":0,"rosterId":555748068,"recTDs":0,"recToPct":0,"recYdsAfterCatch":6,"recYacPerCatch":6,"recYds":15,"recYdsPerCatch":15,"recYdsPerGame":26.875,"scheduleId":545390730,"seasonIndex":7,"statId":538053276,"stageIndex":1,"teamId":1034158126,"weekIndex":7}]