[{"fullName":"M.Mack","rushAtt":16,"rushBrokenTackles":2,"rushFum":1,"rushLongest":9,"rushPts":0,"rosterId":555746955,"rushTDs":0,"rushToPct":0,"rush20PlusYds":0,"rushYdsAfterContact":1,"rushYds":49,"rushYdsPerAtt":3.0625,"rushYdsPerGame":57,"scheduleId":545390706,"seasonIndex":7,"statId":538055402,"stageIndex":1,"teamId":1034158131,"weekIndex":7},{"fullName":"D.Jones","rushAtt":6,"rushBrokenTackles":1,"rushFum":0,"rushLongest":8,"rushPts":0,"rosterId":555746683,"rushTDs":0,"rushToPct":0,"rush20PlusYds":0,"rushYdsAfterContact":1,"rushYds":31,"rushYdsPerAtt":5.166667,"rushYdsPerGame":14.375,"scheduleId":545390706,"seasonIndex":7,"statId":538056848,"stageIndex":1,"teamId":1034158131,"weekIndex":7},{"fullName":"A.Kemp","rushAtt":5,"rushBrokenTackles":0,"rushFum":0,"rushLongest":7,"rushPts":0,"rosterId":555745391,"rushTDs":0,"rushToPct":0,"rush20PlusYds":0,"rushYdsAfterContact":0,"rushYds":21,"rushYdsPerAtt":4.2,"rushYdsPerGame":11.333333,"scheduleId":545390706,"seasonIndex":7,"statId":538052530,"stageIndex":1,"teamId":1034158131,"weekIndex":7},{"fullName":"D.Moore","rushAtt":0,"rushBrokenTackles":1,"rushFum":0,"rushLongest":0,"rushPts":0,"rosterId":555747141,"rushTDs":0,"rushToPct":0,"rush20PlusYds":0,"rushYdsAfterContact":0,"rushYds":0,"rushYdsPerAtt":0,"rushYdsPerGame":0,"scheduleId":545390706,"seasonIndex":7,"statId":538055691,"stageIndex":1,"teamId":1034158132,"weekIndex":7},{"fullName":"J.Goff","rushAtt":4,"rushBrokenTackles":0,"rushFum":0,"rushLongest":7,"rushPts":0,"rosterId":555746236,"rushTDs":0,"rushToPct":0,"rush20PlusYds":0,"rushYdsAfterContact":0,"rushYds":22,"rushYdsPerAtt":5.5,"rushYdsPerGame":8.25,"scheduleId":545390706,"seasonIndex":7,"statId":538052675,"stageIndex":1,"teamId":1034158132,"weekIndex":7},{"fullName":"A.Jones","rushAtt":13,"rushBrokenTackles":4,"rushFum":1,"rushLongest":64,"rushPts":0,"rosterId":555746667,"rushTDs":1,"rushToPct":0,"rush20PlusYds":1,"rushYdsAfterContact":64,"rushYds":105,"rushYdsPerAtt":8.076923,"rushYdsPerGame":69.625,"scheduleId":545390706,"seasonIndex":7,"statId":538055980,"stageIndex":1,"teamId":1034158132,"weekIndex":7},{"fullName":"S.Bannister","rushAtt":3,"rushBrokenTackles":1,"rushFum":0,"rushLongest":6,"rushPts":0,"rosterId":555745972,"rushTDs":0,"rushToPct":0,"rush20PlusYds":0,"rushYdsAfterContact":0,"rushYds":13,"rushYdsPerAtt":4.333333,"rushYdsPerGame":14.285714,"scheduleId":545390706,"seasonIndex":7,"statId":538055784,"stageIndex":1,"teamId":1034158132,"weekIndex":7},{"fullName":"W.Brooks","rushAtt":1,"rushBrokenTackles":0,"rushFum":0,"rushLongest":2,"rushPts":0,"rosterId":555745556,"rushTDs":0,"rushToPct":0,"rush20PlusYds":0,"rushYdsAfterContact":0,"rushYds":2,"rushYdsPerAtt":2,"rushYdsPerGame":0.625,"scheduleId":545390706,"seasonIndex":7,"statId":538052367,"stageIndex":1,"teamId":1034158132,"weekIndex":7},{"fullName":"A.Lopez","rushAtt":0,"rushBrokenTackles":1,"rushFum":0,"rushLongest":0,"rushPts":0,"rosterId":555745903,"rushTDs":0,"rushToPct":0,"rush20PlusYds":0,"rushYdsAfterContact":0,"rushYds":0,"rushYdsPerAtt":0,"rushYdsPerGame":0,"scheduleId":545390706,"seasonIndex":7,"statId":538056307,"stageIndex":1,"teamId":1034158132,"weekIndex":7},{"fullName":"C.Samuel","rushAtt":0,"rushBrokenTackles":1,"rushFum":1,"rushLongest":0,"rushPts":0,"rosterId":555747288,"rushTDs":0,"rushToPct":0,"rush20PlusYds":0,"rushYdsAfterContact":0,"rushYds":0,"rushYdsPerAtt":0,"rushYdsPerGame":0,"scheduleId":545390739,"seasonIndex":7,"statId":538053789,"stageIndex":1,"teamId":1034158139,"weekIndex":7},{"fullName":"R.Silvers","rushAtt":21,"rushBrokenTackles":1,"rushFum":0,"rushLongest":47,"rushPts":0,"rosterId":555747361,"rushTDs":3,"rushToPct":0,"rush20PlusYds":2,"rushYdsAfterContact":24,"rushYds":215,"rushYdsPerAtt":10.238095,"rushYdsPerGame":224.75,"scheduleId":545390739,"seasonIndex":7,"statId":538050903,"stageIndex":1,"teamId":1034158139,"weekIndex":7},{"fullName":"J.Morrow","rushAtt":1,"rushBrokenTackles":0,"rushFum":0,"rushLongest":4,"rushPts":0,"rosterId":555746412,"rushTDs":0,"rushToPct":0,"rush20PlusYds":0,"rushYdsAfterContact":0,"rushYds":4,"rushYdsPerAtt":4,"rushYdsPerGame":7.5,"scheduleId":545390739,"seasonIndex":7,"statId":538054013,"stageIndex":1,"teamId":1034158139,"weekIndex":7},{"fullName":"D.Prescott","rushAtt":0,"rushBrokenTackles":0,"rushFum":1,"rushLongest":0,"rushPts":0,"rosterId":555747387,"rushTDs":0,"rushToPct":0,"rush20PlusYds":0,"rushYdsAfterContact":0,"rushYds":0,"rushYdsPerAtt":0,"rushYdsPerGame":18,"scheduleId":545390739,"seasonIndex":7,"statId":538050620,"stageIndex":1,"teamId":1034158141,"weekIndex":7},{"fullName":"N.Chubb","rushAtt":22,"rushBrokenTackles":9,"rushFum":0,"rushLongest":11,"rushPts":0,"rosterId":555745737,"rushTDs":0,"rushToPct":0,"rush20PlusYds":0,"rushYdsAfterContact":38,"rushYds":73,"rushYdsPerAtt":3.318182,"rushYdsPerGame":80.428574,"scheduleId":545390739,"seasonIndex":7,"statId":538054152,"stageIndex":1,"teamId":1034158141,"weekIndex":7},{"fullName":"P.Campbell","rushAtt":0,"rushBrokenTackles":1,"rushFum":0,"rushLongest":0,"rushPts":0,"rosterId":555745677,"rushTDs":0,"rushToPct":0,"rush20PlusYds":0,"rushYdsAfterContact":0,"rushYds":0,"rushYdsPerAtt":0,"rushYdsPerGame":0,"scheduleId":545390739,"seasonIndex":7,"statId":538052185,"stageIndex":1,"teamId":1034158141,"weekIndex":7},{"fullName":"I.Avril","rushAtt":0,"rushBrokenTackles":3,"rushFum":0,"rushLongest":0,"rushPts":0,"rosterId":555747133,"rushTDs":0,"rushToPct":0,"rush20PlusYds":0,"rushYdsAfterContact":0,"rushYds":0,"rushYdsPerAtt":0,"rushYdsPerGame":0,"scheduleId":545390739,"seasonIndex":7,"statId":537788572,"stageIndex":1,"teamId":1034158141,"weekIndex":7},{"fullName":"A.Fitzpatrick","rushAtt":1,"rushBrokenTackles":0,"rushFum":0,"rushLongest":0,"rushPts":0,"rosterId":555746194,"rushTDs":0,"rushToPct":0,"rush20PlusYds":0,"rushYdsAfterContact":0,"rushYds":0,"rushYdsPerAtt":0,"rushYdsPerGame":5.166667,"scheduleId":545390739,"seasonIndex":7,"statId":538055271,"stageIndex":1,"teamId":1034158141,"weekIndex":7},{"fullName":"K.Floyd","rushAtt":6,"rushBrokenTackles":1,"rushFum":0,"rushLongest":5,"rushPts":0,"rosterId":555748291,"rushTDs":1,"rushToPct":0,"rush20PlusYds":0,"rushYdsAfterContact":0,"rushYds":17,"rushYdsPerAtt":2.833333,"rushYdsPerGame":12.857142,"scheduleId":545390748,"seasonIndex":7,"statId":538053287,"stageIndex":1,"teamId":1034158123,"weekIndex":7},{"fullName":"J.Mixon","rushAtt":17,"rushBrokenTackles":4,"rushFum":0,"rushLongest":68,"rushPts":0,"rosterId":555747129,"rushTDs":1,"rushToPct":0,"rush20PlusYds":1,"rushYdsAfterContact":61,"rushYds":146,"rushYdsPerAtt":8.588235,"rushYdsPerGame":108.285713,"scheduleId":545390748,"seasonIndex":7,"statId":538053289,"stageIndex":1,"teamId":1034158123,"weekIndex":7},{"fullName":"W.Judge","rushAtt":3,"rushBrokenTackles":0,"rushFum":0,"rushLongest":3,"rushPts":0,"rosterId":555747008,"rushTDs":1,"rushToPct":0,"rush20PlusYds":0,"rushYdsAfterContact":0,"rushYds":1,"rushYdsPerAtt":0.333333,"rushYdsPerGame":5.571429,"scheduleId":545390748,"seasonIndex":7,"statId":538056183,"stageIndex":1,"teamId":1034158123,"weekIndex":7},{"fullName":"N.McAllister","rushAtt":0,"rushBrokenTackles":1,"rushFum":0,"rushLongest":0,"rushPts":0,"rosterId":555746872,"rushTDs":0,"rushToPct":0,"rush20PlusYds":0,"rushYdsAfterContact":0,"rushYds":0,"rushYdsPerAtt":0,"rushYdsPerGame":0,"scheduleId":545390748,"seasonIndex":7,"statId":538056911,"stageIndex":1,"teamId":1034158123,"weekIndex":7},{"fullName":"D.Decker","rushAtt":5,"rushBrokenTackles":2,"rushFum":0,"rushLongest":8,"rushPts":0,"rosterId":555746328,"rushTDs":0,"rushToPct":0,"rush20PlusYds":0,"rushYdsAfterContact":2,"rushYds":22,"rushYdsPerAtt":4.4,"rushYdsPerGame":28.285715,"scheduleId":545390748,"seasonIndex":7,"statId":538051345,"stageIndex":1,"teamId":1034158122,"weekIndex":7},{"fullName":"D.Johnson Jr","rushAtt":5,"rushBrokenTackles":2,"rushFum":0,"rushLongest":7,"rushPts":0,"rosterId":555746625,"rushTDs":0,"rushToPct":0,"rush20PlusYds":0,"rushYdsAfterContact":2,"rushYds":24,"rushYdsPerAtt":4.8,"rushYdsPerGame":15.857142,"scheduleId":545390748,"seasonIndex":7,"statId":538052767,"stageIndex":1,"teamId":1034158122,"weekIndex":7},{"fullName":"L.Bynes","rushAtt":16,"rushBrokenTackles":2,"rushFum":0,"rushLongest":7,"rushPts":0,"rosterId":555747897,"rushTDs":2,"rushToPct":0,"rush20PlusYds":0,"rushYdsAfterContact":2,"rushYds":56,"rushYdsPerAtt":3.5,"rushYdsPerGame":44.857143,"scheduleId":545390748,"seasonIndex":7,"statId":537788585,"stageIndex":1,"teamId":1034158122,"weekIndex":7},{"fullName":"M.Trubisky","rushAtt":4,"rushBrokenTackles":0,"rushFum":0,"rushLongest":4,"rushPts":0,"rosterId":555747925,"rushTDs":2,"rushToPct":0,"rush20PlusYds":0,"rushYdsAfterContact":0,"rushYds":13,"rushYdsPerAtt":3.25,"rushYdsPerGame":17.5,"scheduleId":545390749,"seasonIndex":7,"statId":538056169,"stageIndex":1,"teamId":1034158143,"weekIndex":7},{"fullName":"C.Carson","rushAtt":17,"rushBrokenTackles":5,"rushFum":0,"rushLongest":6,"rushPts":0,"rosterId":555745700,"rushTDs":0,"rushToPct":0,"rush20PlusYds":0,"rushYdsAfterContact":2,"rushYds":56,"rushYdsPerAtt":3.294118,"rushYdsPerGame":48.25,"scheduleId":545390749,"seasonIndex":7,"statId":538053670,"stageIndex":1,"teamId":1034158143,"weekIndex":7},{"fullName":"F.Davis","rushAtt":5,"rushBrokenTackles":0,"rushFum":0,"rushLongest":5,"rushPts":0,"rosterId":555746753,"rushTDs":0,"rushToPct":0,"rush20PlusYds":0,"rushYdsAfterContact":0,"rushYds":17,"rushYdsPerAtt":3.4,"rushYdsPerGame":23.142857,"scheduleId":545390749,"seasonIndex":7,"statId":538051240,"stageIndex":1,"teamId":1034158143,"weekIndex":7},{"fullName":"A.Janovich","rushAtt":1,"rushBrokenTackles":1,"rushFum":0,"rushLongest":4,"rushPts":0,"rosterId":555746596,"rushTDs":0,"rushToPct":0,"rush20PlusYds":0,"rushYdsAfterContact":0,"rushYds":4,"rushYdsPerAtt":4,"rushYdsPerGame":11.875,"scheduleId":545390749,"seasonIndex":7,"statId":538056229,"stageIndex":1,"teamId":1034158130,"weekIndex":7},{"fullName":"D.Lock","rushAtt":2,"rushBrokenTackles":0,"rushFum":0,"rushLongest":5,"rushPts":0,"rosterId":555746910,"rushTDs":0,"rushToPct":0,"rush20PlusYds":0,"rushYdsAfterContact":0,"rushYds":8,"rushYdsPerAtt":4,"rushYdsPerGame":3.5,"scheduleId":545390749,"seasonIndex":7,"statId":538054808,"stageIndex":1,"teamId":1034158130,"weekIndex":7},{"fullName":"D.Horn","rushAtt":18,"rushBrokenTackles":1,"rushFum":0,"rushLongest":7,"rushPts":0,"rosterId":555747594,"rushTDs":0,"rushToPct":0,"rush20PlusYds":0,"rushYdsAfterContact":1,"rushYds":52,"rushYdsPerAtt":2.888889,"rushYdsPerGame":53.75,"scheduleId":545390749,"seasonIndex":7,"statId":538051478,"stageIndex":1,"teamId":1034158130,"weekIndex":7},{"fullName":"K.Hunt","rushAtt":3,"rushBrokenTackles":0,"rushFum":0,"rushLongest":24,"rushPts":0,"rosterId":555746528,"rushTDs":0,"rushToPct":0,"rush20PlusYds":1,"rushYdsAfterContact":3,"rushYds":39,"rushYdsPerAtt":13,"rushYdsPerGame":44,"scheduleId":545390762,"seasonIndex":7,"statId":538053090,"stageIndex":1,"teamId":1034158145,"weekIndex":7},{"fullName":"S.Barnett","rushAtt":17,"rushBrokenTackles":0,"rushFum":0,"rushLongest":12,"rushPts":0,"rosterId":555748050,"rushTDs":1,"rushToPct":0,"rush20PlusYds":0,"rushYdsAfterContact":10,"rushYds":60,"rushYdsPerAtt":3.529412,"rushYdsPerGame":75.875,"scheduleId":545390762,"seasonIndex":7,"statId":537788924,"stageIndex":1,"teamId":1034158145,"weekIndex":7},{"fullName":"K.Harper","rushAtt":0,"rushBrokenTackles":2,"rushFum":0,"rushLongest":0,"rushPts":0,"rosterId":555748527,"rushTDs":0,"rushToPct":0,"rush20PlusYds":0,"rushYdsAfterContact":0,"rushYds":0,"rushYdsPerAtt":0,"rushYdsPerGame":0,"scheduleId":545390762,"seasonIndex":7,"statId":538056657,"stageIndex":1,"teamId":1034158145,"weekIndex":7},{"fullName":"E.Elliott","rushAtt":17,"rushBrokenTackles":5,"rushFum":0,"rushLongest":11,"rushPts":0,"rosterId":555746038,"rushTDs":0,"rushToPct":0,"rush20PlusYds":0,"rushYdsAfterContact":39,"rushYds":90,"rushYdsPerAtt":5.294117,"rushYdsPerGame":96.75,"scheduleId":545390762,"seasonIndex":7,"statId":538052941,"stageIndex":1,"teamId":1034158125,"weekIndex":7},{"fullName":"S.Darnold","rushAtt":1,"rushBrokenTackles":0,"rushFum":0,"rushLongest":0,"rushPts":0,"rosterId":555745882,"rushTDs":0,"rushToPct":0,"rush20PlusYds":0,"rushYdsAfterContact":0,"rushYds":-1,"rushYdsPerAtt":-1,"rushYdsPerGame":8.875,"scheduleId":545390762,"seasonIndex":7,"statId":538050907,"stageIndex":1,"teamId":1034158125,"weekIndex":7},{"fullName":"V.Madsen","rushAtt":2,"rushBrokenTackles":0,"rushFum":0,"rushLongest":4,"rushPts":0,"rosterId":555747337,"rushTDs":0,"rushToPct":0,"rush20PlusYds":0,"rushYdsAfterContact":2,"rushYds":4,"rushYdsPerAtt":2,"rushYdsPerGame":23.75,"scheduleId":545390762,"seasonIndex":7,"statId":538052248,"stageIndex":1,"teamId":1034158125,"weekIndex":7},{"fullName":"A.Durham","rushAtt":6,"rushBrokenTackles":0,"rushFum":0,"rushLongest":6,"rushPts":0,"rosterId":555745355,"rushTDs":0,"rushToPct":0,"rush20PlusYds":0,"rushYdsAfterContact":0,"rushYds":20,"rushYdsPerAtt":3.333333,"rushYdsPerGame":19.285715,"scheduleId":545390764,"seasonIndex":7,"statId":538052964,"stageIndex":1,"teamId":1034158140,"weekIndex":7},{"fullName":"T.Pollard","rushAtt":16,"rushBrokenTackles":2,"rushFum":0,"rushLongest":8,"rushPts":0,"rosterId":555747375,"rushTDs":1,"rushToPct":0,"rush20PlusYds":0,"rushYdsAfterContact":1,"rushYds":51,"rushYdsPerAtt":3.1875,"rushYdsPerGame":62.714287,"scheduleId":545390764,"seasonIndex":7,"statId":538052357,"stageIndex":1,"teamId":1034158140,"weekIndex":7},{"fullName":"K.Kelley","rushAtt":0,"rushBrokenTackles":1,"rushFum":0,"rushLongest":0,"rushPts":0,"rosterId":555746989,"rushTDs":0,"rushToPct":0,"rush20PlusYds":0,"rushYdsAfterContact":0,"rushYds":0,"rushYdsPerAtt":0,"rushYdsPerGame":-0.857143,"scheduleId":545390764,"seasonIndex":7,"statId":537788695,"stageIndex":1,"teamId":1034158140,"weekIndex":7},{"fullName":"M.Ware","rushAtt":1,"rushBrokenTackles":0,"rushFum":0,"rushLongest":3,"rushPts":0,"rosterId":555745616,"rushTDs":1,"rushToPct":0,"rush20PlusYds":0,"rushYdsAfterContact":0,"rushYds":3,"rushYdsPerAtt":3,"rushYdsPerGame":8,"scheduleId":545390764,"seasonIndex":7,"statId":538052430,"stageIndex":1,"teamId":1034158140,"weekIndex":7},{"fullName":"L.Jackson","rushAtt":6,"rushBrokenTackles":0,"rushFum":0,"rushLongest":6,"rushPts":0,"rosterId":555746580,"rushTDs":0,"rushToPct":0,"rush20PlusYds":0,"rushYdsAfterContact":0,"rushYds":12,"rushYdsPerAtt":2,"rushYdsPerGame":24.75,"scheduleId":545390764,"seasonIndex":7,"statId":538055292,"stageIndex":1,"teamId":1034158128,"weekIndex":7},{"fullName":"T.Milstead","rushAtt":21,"rushBrokenTackles":8,"rushFum":0,"rushLongest":9,"rushPts":0,"rosterId":555746911,"rushTDs":0,"rushToPct":0,"rush20PlusYds":0,"rushYdsAfterContact":4,"rushYds":77,"rushYdsPerAtt":3.666667,"rushYdsPerGame":72.875,"scheduleId":545390764,"seasonIndex":7,"statId":538052750,"stageIndex":1,"teamId":1034158128,"weekIndex":7},{"fullName":"J.Murphy","rushAtt":1,"rushBrokenTackles":0,"rushFum":0,"rushLongest":2,"rushPts":0,"rosterId":555747513,"rushTDs":0,"rushToPct":0,"rush20PlusYds":0,"rushYdsAfterContact":0,"rushYds":2,"rushYdsPerAtt":2,"rushYdsPerGame":11.875,"scheduleId":545390764,"seasonIndex":7,"statId":538051849,"stageIndex":1,"teamId":1034158128,"weekIndex":7},{"fullName":"T.Nixon","rushAtt":1,"rushBrokenTackles":2,"rushFum":0,"rushLongest":5,"rushPts":0,"rosterId":555746566,"rushTDs":0,"rushToPct":0,"rush20PlusYds":0,"rushYdsAfterContact":1,"rushYds":5,"rushYdsPerAtt":5,"rushYdsPerGame":7.428571,"scheduleId":545390764,"seasonIndex":7,"statId":538056296,"stageIndex":1,"teamId":1034158128,"weekIndex":7},{"fullName":"D.Fusco","rushAtt":0,"rushBrokenTackles":1,"rushFum":0,"rushLongest":0,"rushPts":0,"rosterId":555745805,"rushTDs":0,"rushToPct":0,"rush20PlusYds":0,"rushYdsAfterContact":0,"rushYds":0,"rushYdsPerAtt":0,"rushYdsPerGame":0,"scheduleId":545390764,"seasonIndex":7,"statId":538054602,"stageIndex":1,"teamId":1034158128,"weekIndex":7},{"fullName":"J.Jacobs","rushAtt":14,"rushBrokenTackles":4,"rushFum":0,"rushLongest":9,"rushPts":0,"rosterId":555746585,"rushTDs":0,"rushToPct":0,"rush20PlusYds":0,"rushYdsAfterContact":2,"rushYds":60,"rushYdsPerAtt":4.285714,"rushYdsPerGame":74.14286,"scheduleId":545390779,"seasonIndex":7,"statId":538050912,"stageIndex":1,"teamId":1034158146,"weekIndex":7},{"fullName":"J.Rosen","rushAtt":3,"rushBrokenTackles":0,"rushFum":0,"rushLongest":3,"rushPts":0,"rosterId":555747534,"rushTDs":0,"rushToPct":0,"rush20PlusYds":0,"rushYdsAfterContact":0,"rushYds":7,"rushYdsPerAtt":2.333333,"rushYdsPerGame":3,"scheduleId":545390779,"seasonIndex":7,"statId":538052379,"stageIndex":1,"teamId":1034158146,"weekIndex":7},{"fullName":"J.Sweeney","rushAtt":5,"rushBrokenTackles":0,"rushFum":0,"rushLongest":6,"rushPts":0,"rosterId":555747253,"rushTDs":0,"rushToPct":0,"rush20PlusYds":0,"rushYdsAfterContact":0,"rushYds":14,"rushYdsPerAtt":2.8,"rushYdsPerGame":10.833333,"scheduleId":545390779,"seasonIndex":7,"statId":537789125,"stageIndex":1,"teamId":1034158146,"weekIndex":7},{"fullName":"R.Sherman","rushAtt":6,"rushBrokenTackles":0,"rushFum":0,"rushLongest":5,"rushPts":0,"rosterId":555746873,"rushTDs":1,"rushToPct":0,"rush20PlusYds":0,"rushYdsAfterContact":0,"rushYds":20,"rushYdsPerAtt":3.333333,"rushYdsPerGame":17.125,"scheduleId":545390779,"seasonIndex":7,"statId":538055509,"stageIndex":1,"teamId":1034158134,"weekIndex":7},{"fullName":"J.Brackett","rushAtt":4,"rushBrokenTackles":0,"rushFum":0,"rushLongest":7,"rushPts":0,"rosterId":555748062,"rushTDs":0,"rushToPct":0,"rush20PlusYds":0,"rushYdsAfterContact":0,"rushYds":15,"rushYdsPerAtt":3.75,"rushYdsPerGame":4.5,"scheduleId":545390779,"seasonIndex":7,"statId":537788643,"stageIndex":1,"teamId":1034158134,"weekIndex":7},{"fullName":"B.Snell Jr","rushAtt":18,"rushBrokenTackles":4,"rushFum":0,"rushLongest":8,"rushPts":0,"rosterId":555747739,"rushTDs":0,"rushToPct":0,"rush20PlusYds":0,"rushYdsAfterContact":2,"rushYds":92,"rushYdsPerAtt":5.111111,"rushYdsPerGame":48.25,"scheduleId":545390779,"seasonIndex":7,"statId":538054706,"stageIndex":1,"teamId":1034158134,"weekIndex":7},{"fullName":"R.Simpson","rushAtt":6,"rushBrokenTackles":2,"rushFum":0,"rushLongest":6,"rushPts":0,"rosterId":555746413,"rushTDs":0,"rushToPct":0,"rush20PlusYds":0,"rushYdsAfterContact":1,"rushYds":22,"rushYdsPerAtt":3.666667,"rushYdsPerGame":21,"scheduleId":545390779,"seasonIndex":7,"statId":538053439,"stageIndex":1,"teamId":1034158134,"weekIndex":7},{"fullName":"C.Wentz","rushAtt":6,"rushBrokenTackles":0,"rushFum":0,"rushLongest":7,"rushPts":0,"rosterId":555748063,"rushTDs":0,"rushToPct":0,"rush20PlusYds":0,"rushYdsAfterContact":0,"rushYds":32,"rushYdsPerAtt":5.333333,"rushYdsPerGame":14.428572,"scheduleId":545390760,"seasonIndex":7,"statId":538053977,"stageIndex":1,"teamId":1034158087,"weekIndex":7},{"fullName":"K.Tolbert","rushAtt":1,"rushBrokenTackles":1,"rushFum":0,"rushLongest":5,"rushPts":0,"rosterId":555745436,"rushTDs":0,"rushToPct":0,"rush20PlusYds":0,"rushYdsAfterContact":0,"rushYds":5,"rushYdsPerAtt":5,"rushYdsPerGame":0.857143,"scheduleId":545390760,"seasonIndex":7,"statId":537788896,"stageIndex":1,"teamId":1034158087,"weekIndex":7},{"fullName":"C.Monroe","rushAtt":1,"rushBrokenTackles":0,"rushFum":0,"rushLongest":4,"rushPts":0,"rosterId":555746461,"rushTDs":0,"rushToPct":0,"rush20PlusYds":0,"rushYdsAfterContact":0,"rushYds":4,"rushYdsPerAtt":4,"rushYdsPerGame":2.714286,"scheduleId":545390760,"seasonIndex":7,"statId":538052081,"stageIndex":1,"teamId":1034158087,"weekIndex":7},{"fullName":"L.Dunbar","rushAtt":14,"rushBrokenTackles":1,"rushFum":0,"rushLongest":6,"rushPts":0,"rosterId":555747418,"rushTDs":1,"rushToPct":0,"rush20PlusYds":0,"rushYdsAfterContact":0,"rushYds":55,"rushYdsPerAtt":3.928571,"rushYdsPerGame":53.42857,"scheduleId":545390760,"seasonIndex":7,"statId":538053777,"stageIndex":1,"teamId":1034158087,"weekIndex":7},{"fullName":"V.Sheard","rushAtt":7,"rushBrokenTackles":2,"rushFum":0,"rushLongest":7,"rushPts":0,"rosterId":555748153,"rushTDs":0,"rushToPct":0,"rush20PlusYds":0,"rushYdsAfterContact":1,"rushYds":22,"rushYdsPerAtt":3.142857,"rushYdsPerGame":10.142858,"scheduleId":545390760,"seasonIndex":7,"statId":537788782,"stageIndex":1,"teamId":1034158087,"weekIndex":7},{"fullName":"T.Gurley II","rushAtt":18,"rushBrokenTackles":5,"rushFum":1,"rushLongest":8,"rushPts":0,"rosterId":555746312,"rushTDs":0,"rushToPct":0,"rush20PlusYds":0,"rushYdsAfterContact":4,"rushYds":78,"rushYdsPerAtt":4.333333,"rushYdsPerGame":71.875,"scheduleId":545390760,"seasonIndex":7,"statId":538053815,"stageIndex":1,"teamId":1034158121,"weekIndex":7},{"fullName":"R.Layman","rushAtt":1,"rushBrokenTackles":0,"rushFum":0,"rushLongest":0,"rushPts":0,"rosterId":555747843,"rushTDs":0,"rushToPct":0,"rush20PlusYds":0,"rushYdsAfterContact":0,"rushYds":-4,"rushYdsPerAtt":-4,"rushYdsPerGame":-0.875,"scheduleId":545390760,"seasonIndex":7,"statId":538050857,"stageIndex":1,"teamId":1034158121,"weekIndex":7},{"fullName":"A.Luck","rushAtt":1,"rushBrokenTackles":0,"rushFum":0,"rushLongest":5,"rushPts":0,"rosterId":555746942,"rushTDs":0,"rushToPct":0,"rush20PlusYds":0,"rushYdsAfterContact":0,"rushYds":5,"rushYdsPerAtt":5,"rushYdsPerGame":4.5,"scheduleId":545390760,"seasonIndex":7,"statId":538053424,"stageIndex":1,"teamId":1034158121,"weekIndex":7},{"fullName":"D.Haskins Jr","rushAtt":1,"rushBrokenTackles":0,"rushFum":0,"rushLongest":6,"rushPts":0,"rosterId":555746378,"rushTDs":0,"rushToPct":0,"rush20PlusYds":0,"rushYdsAfterContact":0,"rushYds":6,"rushYdsPerAtt":6,"rushYdsPerGame":4.375,"scheduleId":545390769,"seasonIndex":7,"statId":538052089,"stageIndex":1,"teamId":1034158080,"weekIndex":7},{"fullName":"L.Fournette","rushAtt":10,"rushBrokenTackles":1,"rushFum":0,"rushLongest":7,"rushPts":0,"rosterId":555746139,"rushTDs":0,"rushToPct":0,"rush20PlusYds":0,"rushYdsAfterContact":2,"rushYds":45,"rushYdsPerAtt":4.5,"rushYdsPerGame":68.375,"scheduleId":545390769,"seasonIndex":7,"statId":538053671,"stageIndex":1,"teamId":1034158080,"weekIndex":7},{"fullName":"J.Conner","rushAtt":2,"rushBrokenTackles":0,"rushFum":0,"rushLongest":3,"rushPts":0,"rosterId":555745803,"rushTDs":0,"rushToPct":0,"rush20PlusYds":0,"rushYdsAfterContact":0,"rushYds":5,"rushYdsPerAtt":2.5,"rushYdsPerGame":15.5,"scheduleId":545390769,"seasonIndex":7,"statId":538053667,"stageIndex":1,"teamId":1034158080,"weekIndex":7},{"fullName":"D.Goedert","rushAtt":1,"rushBrokenTackles":0,"rushFum":0,"rushLongest":0,"rushPts":0,"rosterId":555746235,"rushTDs":0,"rushToPct":0,"rush20PlusYds":0,"rushYdsAfterContact":0,"rushYds":-2,"rushYdsPerAtt":-2,"rushYdsPerGame":0.571429,"scheduleId":545390769,"seasonIndex":7,"statId":538053041,"stageIndex":1,"teamId":1034158142,"weekIndex":7},{"fullName":"D.Guice","rushAtt":30,"rushBrokenTackles":1,"rushFum":0,"rushLongest":10,"rushPts":0,"rosterId":555746309,"rushTDs":0,"rushToPct":0,"rush20PlusYds":0,"rushYdsAfterContact":1,"rushYds":133,"rushYdsPerAtt":4.433333,"rushYdsPerGame":65.714287,"scheduleId":545390769,"seasonIndex":7,"statId":538056214,"stageIndex":1,"teamId":1034158142,"weekIndex":7},{"fullName":"J.Cotton","rushAtt":1,"rushBrokenTackles":0,"rushFum":0,"rushLongest":3,"rushPts":0,"rosterId":555747298,"rushTDs":0,"rushToPct":0,"rush20PlusYds":0,"rushYdsAfterContact":0,"rushYds":3,"rushYdsPerAtt":3,"rushYdsPerGame":1.714286,"scheduleId":545390769,"seasonIndex":7,"statId":538052582,"stageIndex":1,"teamId":1034158142,"weekIndex":7},{"fullName":"K.Duhon","rushAtt":11,"rushBrokenTackles":1,"rushFum":0,"rushLongest":6,"rushPts":0,"rosterId":555746783,"rushTDs":1,"rushToPct":0,"rush20PlusYds":0,"rushYdsAfterContact":1,"rushYds":28,"rushYdsPerAtt":2.545455,"rushYdsPerGame":17.857143,"scheduleId":545390769,"seasonIndex":7,"statId":537788876,"stageIndex":1,"teamId":1034158142,"weekIndex":7},{"fullName":"A.Armah Jr","rushAtt":1,"rushBrokenTackles":0,"rushFum":0,"rushLongest":3,"rushPts":0,"rosterId":555745374,"rushTDs":0,"rushToPct":0,"rush20PlusYds":0,"rushYdsAfterContact":0,"rushYds":3,"rushYdsPerAtt":3,"rushYdsPerGame":0.428571,"scheduleId":545390769,"seasonIndex":7,"statId":538053918,"stageIndex":1,"teamId":1034158142,"weekIndex":7},{"fullName":"D.Watson","rushAtt":10,"rushBrokenTackles":0,"rushFum":0,"rushLongest":9,"rushPts":0,"rosterId":555748036,"rushTDs":1,"rushToPct":0,"rush20PlusYds":0,"rushYdsAfterContact":0,"rushYds":53,"rushYdsPerAtt":5.3,"rushYdsPerGame":30,"scheduleId":545390698,"seasonIndex":7,"statId":538053241,"stageIndex":1,"teamId":1034158138,"weekIndex":7},{"fullName":"E.Engram","rushAtt":0,"rushBrokenTackles":1,"rushFum":0,"rushLongest":0,"rushPts":0,"rosterId":555746047,"rushTDs":0,"rushToPct":0,"rush20PlusYds":0,"rushYdsAfterContact":0,"rushYds":0,"rushYdsPerAtt":0,"rushYdsPerGame":0,"scheduleId":545390698,"seasonIndex":7,"statId":538051584,"stageIndex":1,"teamId":1034158138,"weekIndex":7},{"fullName":"M.Sanders","rushAtt":16,"rushBrokenTackles":1,"rushFum":0,"rushLongest":75,"rushPts":0,"rosterId":555747574,"rushTDs":1,"rushToPct":0,"rush20PlusYds":1,"rushYdsAfterContact":73,"rushYds":152,"rushYdsPerAtt":9.5,"rushYdsPerGame":81.428574,"scheduleId":545390698,"seasonIndex":7,"statId":538055139,"stageIndex":1,"teamId":1034158138,"weekIndex":7},{"fullName":"D.Harris","rushAtt":1,"rushBrokenTackles":0,"rushFum":0,"rushLongest":4,"rushPts":0,"rosterId":555748349,"rushTDs":0,"rushToPct":0,"rush20PlusYds":0,"rushYdsAfterContact":0,"rushYds":4,"rushYdsPerAtt":4,"rushYdsPerGame":0.571429,"scheduleId":545390698,"seasonIndex":7,"statId":538051391,"stageIndex":1,"teamId":1034158138,"weekIndex":7},{"fullName":"L.Brent","rushAtt":0,"rushBrokenTackles":1,"rushFum":0,"rushLongest":0,"rushPts":0,"rosterId":555748479,"rushTDs":0,"rushToPct":0,"rush20PlusYds":0,"rushYdsAfterContact":0,"rushYds":0,"rushYdsPerAtt":0,"rushYdsPerGame":0,"scheduleId":545390698,"seasonIndex":7,"statId":537788799,"stageIndex":1,"teamId":1034158138,"weekIndex":7},{"fullName":"T.Lindsey","rushAtt":7,"rushBrokenTackles":1,"rushFum":0,"rushLongest":5,"rushPts":0,"rosterId":555747702,"rushTDs":0,"rushToPct":0,"rush20PlusYds":0,"rushYdsAfterContact":0,"rushYds":24,"rushYdsPerAtt":3.428571,"rushYdsPerGame":5.857143,"scheduleId":545390698,"seasonIndex":7,"statId":538051435,"stageIndex":1,"teamId":1034158138,"weekIndex":7},{"fullName":"J.Seward","rushAtt":9,"rushBrokenTackles":3,"rushFum":0,"rushLongest":7,"rushPts":0,"rosterId":555748224,"rushTDs":0,"rushToPct":0,"rush20PlusYds":0,"rushYdsAfterContact":1,"rushYds":42,"rushYdsPerAtt":4.666667,"rushYdsPerGame":25.142857,"scheduleId":545390698,"seasonIndex":7,"statId":537788581,"stageIndex":1,"teamId":1034158138,"weekIndex":7},{"fullName":"E.Houston","rushAtt":1,"rushBrokenTackles":0,"rushFum":0,"rushLongest":0,"rushPts":0,"rosterId":555746595,"rushTDs":1,"rushToPct":0,"rush20PlusYds":0,"rushYdsAfterContact":0,"rushYds":0,"rushYdsPerAtt":0,"rushYdsPerGame":0.142857,"scheduleId":545390698,"seasonIndex":7,"statId":538055783,"stageIndex":1,"teamId":1034158138,"weekIndex":7},{"fullName":"J.Allen","rushAtt":5,"rushBrokenTackles":0,"rushFum":0,"rushLongest":7,"rushPts":0,"rosterId":555745333,"rushTDs":0,"rushToPct":0,"rush20PlusYds":0,"rushYdsAfterContact":0,"rushYds":21,"rushYdsPerAtt":4.2,"rushYdsPerGame":10.285714,"scheduleId":545390698,"seasonIndex":7,"statId":538052775,"stageIndex":1,"teamId":1034158137,"weekIndex":7},{"fullName":"N.Hines","rushAtt":13,"rushBrokenTackles":2,"rushFum":0,"rushLongest":7,"rushPts":0,"rosterId":555746455,"rushTDs":0,"rushToPct":0,"rush20PlusYds":0,"rushYdsAfterContact":1,"rushYds":37,"rushYdsPerAtt":2.846154,"rushYdsPerGame":51,"scheduleId":545390698,"seasonIndex":7,"statId":538056407,"stageIndex":1,"teamId":1034158137,"weekIndex":7},{"fullName":"K.Bergstrom","rushAtt":5,"rushBrokenTackles":2,"rushFum":0,"rushLongest":6,"rushPts":0,"rosterId":555747503,"rushTDs":1,"rushToPct":0,"rush20PlusYds":0,"rushYdsAfterContact":1,"rushYds":22,"rushYdsPerAtt":4.4,"rushYdsPerGame":11.285714,"scheduleId":545390698,"seasonIndex":7,"statId":538052139,"stageIndex":1,"teamId":1034158137,"weekIndex":7},{"fullName":"S.Barkley","rushAtt":7,"rushBrokenTackles":2,"rushFum":0,"rushLongest":3,"rushPts":0,"rosterId":555745423,"rushTDs":0,"rushToPct":0,"rush20PlusYds":0,"rushYdsAfterContact":9,"rushYds":6,"rushYdsPerAtt":0.857143,"rushYdsPerGame":25.444445,"scheduleId":545390746,"seasonIndex":7,"statId":538052896,"stageIndex":1,"teamId":1034158083,"weekIndex":7},{"fullName":"J.Billups","rushAtt":0,"rushBrokenTackles":1,"rushFum":0,"rushLongest":0,"rushPts":0,"rosterId":555747546,"rushTDs":0,"rushToPct":0,"rush20PlusYds":0,"rushYdsAfterContact":0,"rushYds":0,"rushYdsPerAtt":0,"rushYdsPerGame":0,"scheduleId":545390746,"seasonIndex":7,"statId":538053517,"stageIndex":1,"teamId":1034158083,"weekIndex":7},{"fullName":"H.Tynes","rushAtt":15,"rushBrokenTackles":0,"rushFum":3,"rushLongest":11,"rushPts":0,"rosterId":555746137,"rushTDs":0,"rushToPct":0,"rush20PlusYds":0,"rushYdsAfterContact":5,"rushYds":83,"rushYdsPerAtt":5.533333,"rushYdsPerGame":125.777779,"scheduleId":545390746,"seasonIndex":7,"statId":538052563,"stageIndex":1,"teamId":1034158083,"weekIndex":7},{"fullName":"N.Fant","rushAtt":0,"rushBrokenTackles":2,"rushFum":0,"rushLongest":0,"rushPts":0,"rosterId":555746076,"rushTDs":0,"rushToPct":0,"rush20PlusYds":0,"rushYdsAfterContact":0,"rushYds":0,"rushYdsPerAtt":0,"rushYdsPerGame":0,"scheduleId":545390746,"seasonIndex":7,"statId":538051458,"stageIndex":1,"teamId":1034158136,"weekIndex":7},{"fullName":"T.Cone","rushAtt":0,"rushBrokenTackles":2,"rushFum":1,"rushLongest":0,"rushPts":0,"rosterId":555747733,"rushTDs":0,"rushToPct":0,"rush20PlusYds":0,"rushYdsAfterContact":0,"rushYds":0,"rushYdsPerAtt":0,"rushYdsPerGame":0,"scheduleId":545390746,"seasonIndex":7,"statId":538051899,"stageIndex":1,"teamId":1034158136,"weekIndex":7},{"fullName":"C.Money","rushAtt":1,"rushBrokenTackles":0,"rushFum":0,"rushLongest":0,"rushPts":0,"rosterId":555747170,"rushTDs":0,"rushToPct":0,"rush20PlusYds":0,"rushYdsAfterContact":0,"rushYds":-1,"rushYdsPerAtt":-1,"rushYdsPerGame":-0.142857,"scheduleId":545390746,"seasonIndex":7,"statId":538054764,"stageIndex":1,"teamId":1034158136,"weekIndex":7},{"fullName":"D.Dukes","rushAtt":15,"rushBrokenTackles":0,"rushFum":0,"rushLongest":76,"rushPts":0,"rosterId":555747695,"rushTDs":2,"rushToPct":0,"rush20PlusYds":1,"rushYdsAfterContact":8,"rushYds":118,"rushYdsPerAtt":7.866667,"rushYdsPerGame":25.142857,"scheduleId":545390746,"seasonIndex":7,"statId":538051722,"stageIndex":1,"teamId":1034158136,"weekIndex":7},{"fullName":"B.Stairs","rushAtt":4,"rushBrokenTackles":1,"rushFum":0,"rushLongest":12,"rushPts":0,"rosterId":555748097,"rushTDs":0,"rushToPct":0,"rush20PlusYds":0,"rushYdsAfterContact":5,"rushYds":16,"rushYdsPerAtt":4,"rushYdsPerGame":111.14286,"scheduleId":545390746,"seasonIndex":7,"statId":538052378,"stageIndex":1,"teamId":1034158136,"weekIndex":7},{"fullName":"J.Garoppolo","rushAtt":3,"rushBrokenTackles":0,"rushFum":0,"rushLongest":6,"rushPts":0,"rosterId":555746192,"rushTDs":0,"rushToPct":0,"rush20PlusYds":0,"rushYdsAfterContact":0,"rushYds":8,"rushYdsPerAtt":2.666667,"rushYdsPerGame":4.625,"scheduleId":545390743,"seasonIndex":7,"statId":538054305,"stageIndex":1,"teamId":1034158085,"weekIndex":7},{"fullName":"K.Johnson","rushAtt":11,"rushBrokenTackles":3,"rushFum":0,"rushLongest":9,"rushPts":0,"rosterId":555746646,"rushTDs":1,"rushToPct":0,"rush20PlusYds":0,"rushYdsAfterContact":1,"rushYds":32,"rushYdsPerAtt":2.909091,"rushYdsPerGame":52.75,"scheduleId":545390743,"seasonIndex":7,"statId":538050777,"stageIndex":1,"teamId":1034158085,"weekIndex":7},{"fullName":"A.Kuper","rushAtt":6,"rushBrokenTackles":1,"rushFum":0,"rushLongest":6,"rushPts":0,"rosterId":555748341,"rushTDs":0,"rushToPct":0,"rush20PlusYds":0,"rushYdsAfterContact":0,"rushYds":18,"rushYdsPerAtt":3,"rushYdsPerGame":37.75,"scheduleId":545390743,"seasonIndex":7,"statId":537788902,"stageIndex":1,"teamId":1034158085,"weekIndex":7},{"fullName":"R.Gordon","rushAtt":0,"rushBrokenTackles":1,"rushFum":0,"rushLongest":0,"rushPts":0,"rosterId":555746600,"rushTDs":0,"rushToPct":0,"rush20PlusYds":0,"rushYdsAfterContact":0,"rushYds":0,"rushYdsPerAtt":0,"rushYdsPerGame":1,"scheduleId":545390743,"seasonIndex":7,"statId":538054592,"stageIndex":1,"teamId":1034158085,"weekIndex":7},{"fullName":"J.Ross III","rushAtt":0,"rushBrokenTackles":0,"rushFum":1,"rushLongest":0,"rushPts":0,"rosterId":555747535,"rushTDs":0,"rushToPct":0,"rush20PlusYds":0,"rushYdsAfterContact":0,"rushYds":0,"rushYdsPerAtt":0,"rushYdsPerGame":0,"scheduleId":545390743,"seasonIndex":7,"statId":538054991,"stageIndex":1,"teamId":1034158085,"weekIndex":7},{"fullName":"D.Henry","rushAtt":19,"rushBrokenTackles":6,"rushFum":0,"rushLongest":25,"rushPts":0,"rosterId":555746415,"rushTDs":2,"rushToPct":0,"rush20PlusYds":1,"rushYdsAfterContact":32,"rushYds":107,"rushYdsPerAtt":5.631579,"rushYdsPerGame":64.25,"scheduleId":545390743,"seasonIndex":7,"statId":538051419,"stageIndex":1,"teamId":1034158086,"weekIndex":7},{"fullName":"A.Ingold","rushAtt":2,"rushBrokenTackles":0,"rushFum":0,"rushLongest":5,"rushPts":0,"rosterId":555748281,"rushTDs":1,"rushToPct":0,"rush20PlusYds":0,"rushYdsAfterContact":0,"rushYds":7,"rushYdsPerAtt":3.5,"rushYdsPerGame":1.375,"scheduleId":545390743,"seasonIndex":7,"statId":538056687,"stageIndex":1,"teamId":1034158086,"weekIndex":7},{"fullName":"T.Watt","rushAtt":4,"rushBrokenTackles":2,"rushFum":0,"rushLongest":6,"rushPts":0,"rosterId":555747663,"rushTDs":0,"rushToPct":0,"rush20PlusYds":0,"rushYdsAfterContact":0,"rushYds":11,"rushYdsPerAtt":2.75,"rushYdsPerGame":7.125,"scheduleId":545390743,"seasonIndex":7,"statId":538055643,"stageIndex":1,"teamId":1034158086,"weekIndex":7},{"fullName":"D.Jordan","rushAtt":5,"rushBrokenTackles":0,"rushFum":0,"rushLongest":4,"rushPts":0,"rosterId":555745547,"rushTDs":0,"rushToPct":0,"rush20PlusYds":0,"rushYdsAfterContact":0,"rushYds":8,"rushYdsPerAtt":1.6,"rushYdsPerGame":7.25,"scheduleId":545390743,"seasonIndex":7,"statId":537788916,"stageIndex":1,"teamId":1034158086,"weekIndex":7},{"fullName":"K.Murray","rushAtt":11,"rushBrokenTackles":1,"rushFum":0,"rushLongest":9,"rushPts":0,"rosterId":555747188,"rushTDs":0,"rushToPct":0,"rush20PlusYds":0,"rushYdsAfterContact":0,"rushYds":51,"rushYdsPerAtt":4.636364,"rushYdsPerGame":31.285715,"scheduleId":545390730,"seasonIndex":7,"statId":538051880,"stageIndex":1,"teamId":1034158135,"weekIndex":7},{"fullName":"C.Hicks","rushAtt":3,"rushBrokenTackles":0,"rushFum":0,"rushLongest":4,"rushPts":0,"rosterId":555745652,"rushTDs":2,"rushToPct":0,"rush20PlusYds":0,"rushYdsAfterContact":0,"rushYds":2,"rushYdsPerAtt":0.666667,"rushYdsPerGame":8.666667,"scheduleId":545390730,"seasonIndex":7,"statId":538056737,"stageIndex":1,"teamId":1034158135,"weekIndex":7},{"fullName":"E.Higgins","rushAtt":20,"rushBrokenTackles":3,"rushFum":0,"rushLongest":7,"rushPts":0,"rosterId":555747791,"rushTDs":1,"rushToPct":0,"rush20PlusYds":0,"rushYdsAfterContact":2,"rushYds":38,"rushYdsPerAtt":1.9,"rushYdsPerGame":49,"scheduleId":545390730,"seasonIndex":7,"statId":538052909,"stageIndex":1,"teamId":1034158135,"weekIndex":7},{"fullName":"P.Mahomes","rushAtt":6,"rushBrokenTackles":0,"rushFum":0,"rushLongest":9,"rushPts":0,"rosterId":555746963,"rushTDs":0,"rushToPct":0,"rush20PlusYds":0,"rushYdsAfterContact":0,"rushYds":35,"rushYdsPerAtt":5.833333,"rushYdsPerGame":26.125,"scheduleId":545390730,"seasonIndex":7,"statId":538053818,"stageIndex":1,"teamId":1034158126,"weekIndex":7},{"fullName":"R.Penny","rushAtt":9,"rushBrokenTackles":0,"rushFum":0,"rushLongest":7,"rushPts":0,"rosterId":555747328,"rushTDs":0,"rushToPct":0,"rush20PlusYds":0,"rushYdsAfterContact":0,"rushYds":35,"rushYdsPerAtt":3.888889,"rushYdsPerGame":52.125,"scheduleId":545390730,"seasonIndex":7,"statId":538052846,"stageIndex":1,"teamId":1034158126,"weekIndex":7},{"fullName":"A.Miller","rushAtt":0,"rushBrokenTackles":0,"rushFum":1,"rushLongest":0,"rushPts":0,"rosterId":555747105,"rushTDs":0,"rushToPct":0,"rush20PlusYds":0,"rushYdsAfterContact":0,"rushYds":0,"rushYdsPerAtt":0,"rushYdsPerGame":0.625,"scheduleId":545390730,"seasonIndex":7,"statId":538051845,"stageIndex":1,"teamId":1034158126,"weekIndex":7}]