[{"fullName":"C.Bojorquez","puntsBlocked":0,"puntsIn20":1,"puntLongest":61,"puntTBs":1,"puntNetYdsPerAtt":48.799999,"puntNetYds":244,"puntAtt":5,"puntYdsPerAtt":53.799999,"puntYds":269,"rosterId":555745513,"scheduleId":545390706,"seasonIndex":7,"statId":549191860,"stageIndex":1,"teamId":1034158131,"weekIndex":7},{"fullName":"M.Haack","puntsBlocked":0,"puntsIn20":1,"puntLongest":63,"puntTBs":1,"puntNetYdsPerAtt":44,"puntNetYds":132,"puntAtt":3,"puntYdsPerAtt":49,"puntYds":147,"rosterId":555746315,"scheduleId":545390706,"seasonIndex":7,"statId":549191934,"stageIndex":1,"teamId":1034158132,"weekIndex":7},{"fullName":"E.Colombo","puntsBlocked":0,"puntsIn20":0,"puntLongest":64,"puntTBs":2,"puntNetYdsPerAtt":33.777779,"puntNetYds":304,"puntAtt":9,"puntYdsPerAtt":44.444443,"puntYds":400,"rosterId":555747057,"scheduleId":545390739,"seasonIndex":7,"statId":549192404,"stageIndex":1,"teamId":1034158141,"weekIndex":7},{"fullName":"E.Stanton","puntsBlocked":0,"puntsIn20":2,"puntLongest":60,"puntTBs":0,"puntNetYdsPerAtt":49.333332,"puntNetYds":148,"puntAtt":3,"puntYdsPerAtt":51.333332,"puntYds":154,"rosterId":555745845,"scheduleId":545390748,"seasonIndex":7,"statId":549191724,"stageIndex":1,"teamId":1034158123,"weekIndex":7},{"fullName":"A.Cole III","puntsBlocked":0,"puntsIn20":0,"puntLongest":48,"puntTBs":0,"puntNetYdsPerAtt":33,"puntNetYds":132,"puntAtt":4,"puntYdsPerAtt":42.75,"puntYds":171,"rosterId":555748328,"scheduleId":545390748,"seasonIndex":7,"statId":549191735,"stageIndex":1,"teamId":1034158122,"weekIndex":7},{"fullName":"J.Bailey","puntsBlocked":0,"puntsIn20":1,"puntLongest":63,"puntTBs":0,"puntNetYdsPerAtt":50.5,"puntNetYds":101,"puntAtt":2,"puntYdsPerAtt":53,"puntYds":106,"rosterId":555745404,"scheduleId":545390749,"seasonIndex":7,"statId":549192472,"stageIndex":1,"teamId":1034158143,"weekIndex":7},{"fullName":"R.Sanchez","puntsBlocked":0,"puntsIn20":1,"puntLongest":56,"puntTBs":0,"puntNetYdsPerAtt":48,"puntNetYds":144,"puntAtt":3,"puntYdsPerAtt":50.333332,"puntYds":151,"rosterId":555747570,"scheduleId":545390749,"seasonIndex":7,"statId":549191970,"stageIndex":1,"teamId":1034158130,"weekIndex":7},{"fullName":"C.Petty","puntsBlocked":0,"puntsIn20":1,"puntLongest":65,"puntTBs":0,"puntNetYdsPerAtt":59,"puntNetYds":118,"puntAtt":2,"puntYdsPerAtt":61,"puntYds":122,"rosterId":555746582,"scheduleId":545390762,"seasonIndex":7,"statId":549192292,"stageIndex":1,"teamId":1034158145,"weekIndex":7},{"fullName":"M.Palardy","puntsBlocked":0,"puntsIn20":1,"puntLongest":66,"puntTBs":3,"puntNetYdsPerAtt":43.599998,"puntNetYds":218,"puntAtt":5,"puntYdsPerAtt":56,"puntYds":280,"rosterId":555747293,"scheduleId":545390762,"seasonIndex":7,"statId":549191973,"stageIndex":1,"teamId":1034158125,"weekIndex":7},{"fullName":"J.McAllister","puntsBlocked":0,"puntsIn20":1,"puntLongest":70,"puntTBs":3,"puntNetYdsPerAtt":52.75,"puntNetYds":211,"puntAtt":4,"puntYdsPerAtt":52.75,"puntYds":211,"rosterId":555746267,"scheduleId":545390764,"seasonIndex":7,"statId":549192437,"stageIndex":1,"teamId":1034158140,"weekIndex":7},{"fullName":"C.Robinson","puntsBlocked":0,"puntsIn20":0,"puntLongest":57,"puntTBs":1,"puntNetYdsPerAtt":49,"puntNetYds":147,"puntAtt":3,"puntYdsPerAtt":51.666668,"puntYds":155,"rosterId":555747933,"scheduleId":545390764,"seasonIndex":7,"statId":549192698,"stageIndex":1,"teamId":1034158128,"weekIndex":7},{"fullName":"E.Kiernan","puntsBlocked":0,"puntsIn20":4,"puntLongest":68,"puntTBs":0,"puntNetYdsPerAtt":55.200001,"puntNetYds":276,"puntAtt":5,"puntYdsPerAtt":57.599998,"puntYds":288,"rosterId":555746293,"scheduleId":545390779,"seasonIndex":7,"statId":549191800,"stageIndex":1,"teamId":1034158146,"weekIndex":7},{"fullName":"S.Copeland","puntsBlocked":0,"puntsIn20":1,"puntLongest":66,"puntTBs":0,"puntNetYdsPerAtt":54.666668,"puntNetYds":164,"puntAtt":3,"puntYdsPerAtt":56.333332,"puntYds":169,"rosterId":555747764,"scheduleId":545390779,"seasonIndex":7,"statId":549192581,"stageIndex":1,"teamId":1034158134,"weekIndex":7},{"fullName":"T.Way","puntsBlocked":0,"puntsIn20":0,"puntLongest":50,"puntTBs":1,"puntNetYdsPerAtt":50,"puntNetYds":50,"puntAtt":1,"puntYdsPerAtt":50,"puntYds":50,"rosterId":555748045,"scheduleId":545390760,"seasonIndex":7,"statId":549191765,"stageIndex":1,"teamId":1034158087,"weekIndex":7},{"fullName":"L.Cooke","puntsBlocked":0,"puntsIn20":0,"puntLongest":38,"puntTBs":0,"puntNetYdsPerAtt":34,"puntNetYds":34,"puntAtt":1,"puntYdsPerAtt":38,"puntYds":38,"rosterId":555745809,"scheduleId":545390760,"seasonIndex":7,"statId":549192322,"stageIndex":1,"teamId":1034158121,"weekIndex":7},{"fullName":"J.Scott","puntsBlocked":0,"puntsIn20":1,"puntLongest":68,"puntTBs":0,"puntNetYdsPerAtt":61.5,"puntNetYds":123,"puntAtt":2,"puntYdsPerAtt":61.5,"puntYds":123,"rosterId":555747605,"scheduleId":545390769,"seasonIndex":7,"statId":549192315,"stageIndex":1,"teamId":1034158080,"weekIndex":7},{"fullName":"N.Cottrell","puntsBlocked":0,"puntsIn20":0,"puntLongest":62,"puntTBs":1,"puntNetYdsPerAtt":45,"puntNetYds":180,"puntAtt":4,"puntYdsPerAtt":49.75,"puntYds":199,"rosterId":555748029,"scheduleId":545390769,"seasonIndex":7,"statId":549192628,"stageIndex":1,"teamId":1034158142,"weekIndex":7},{"fullName":"J.Hekker","puntsBlocked":0,"puntsIn20":0,"puntLongest":65,"puntTBs":1,"puntNetYdsPerAtt":51,"puntNetYds":102,"puntAtt":2,"puntYdsPerAtt":54,"puntYds":108,"rosterId":555746401,"scheduleId":545390698,"seasonIndex":7,"statId":549192112,"stageIndex":1,"teamId":1034158138,"weekIndex":7},{"fullName":"J.Chase","puntsBlocked":0,"puntsIn20":1,"puntLongest":58,"puntTBs":1,"puntNetYdsPerAtt":49.599998,"puntNetYds":248,"puntAtt":5,"puntYdsPerAtt":51.599998,"puntYds":258,"rosterId":555748034,"scheduleId":545390698,"seasonIndex":7,"statId":549191743,"stageIndex":1,"teamId":1034158137,"weekIndex":7},{"fullName":"D.Burrell","puntsBlocked":0,"puntsIn20":0,"puntLongest":17,"puntTBs":0,"puntNetYdsPerAtt":17,"puntNetYds":17,"puntAtt":1,"puntYdsPerAtt":17,"puntYds":17,"rosterId":555747343,"scheduleId":545390746,"seasonIndex":7,"statId":549192168,"stageIndex":1,"teamId":1034158136,"weekIndex":7},{"fullName":"J.Gillan","puntsBlocked":0,"puntsIn20":1,"puntLongest":67,"puntTBs":0,"puntNetYdsPerAtt":49.666668,"puntNetYds":149,"puntAtt":3,"puntYdsPerAtt":56,"puntYds":168,"rosterId":555748317,"scheduleId":545390743,"seasonIndex":7,"statId":549192421,"stageIndex":1,"teamId":1034158085,"weekIndex":7},{"fullName":"B.Franklin","puntsBlocked":0,"puntsIn20":1,"puntLongest":48,"puntTBs":0,"puntNetYdsPerAtt":48,"puntNetYds":48,"puntAtt":1,"puntYdsPerAtt":48,"puntYds":48,"rosterId":555747725,"scheduleId":545390743,"seasonIndex":7,"statId":549191989,"stageIndex":1,"teamId":1034158086,"weekIndex":7},{"fullName":"M.Wishnowsky","puntsBlocked":0,"puntsIn20":3,"puntLongest":69,"puntTBs":2,"puntNetYdsPerAtt":54.666668,"puntNetYds":328,"puntAtt":6,"puntYdsPerAtt":56.333332,"puntYds":338,"rosterId":555748188,"scheduleId":545390730,"seasonIndex":7,"statId":549192259,"stageIndex":1,"teamId":1034158135,"weekIndex":7},{"fullName":"T.Welch","puntsBlocked":0,"puntsIn20":0,"puntLongest":57,"puntTBs":0,"puntNetYdsPerAtt":43,"puntNetYds":215,"puntAtt":5,"puntYdsPerAtt":45.400002,"puntYds":227,"rosterId":555746853,"scheduleId":545390730,"seasonIndex":7,"statId":549192166,"stageIndex":1,"teamId":1034158126,"weekIndex":7}]