[{"kickPts":0,"fGAtt":0,"fG50PlusAtt":0,"fG50PlusMade":0,"fGLongest":0,"fGMade":0,"fGCompPct":0,"fullName":"W.Lutz","kickoffAtt":5,"kickoffTBs":1,"rosterId":555746944,"scheduleId":545390706,"seasonIndex":7,"statId":549192487,"stageIndex":1,"teamId":1034158131,"weekIndex":7,"xPAtt":3,"xPMade":3,"xPCompPct":100},{"kickPts":0,"fGAtt":0,"fG50PlusAtt":0,"fG50PlusMade":0,"fGLongest":0,"fGMade":0,"fGCompPct":0,"fullName":"M.Haack","kickoffAtt":1,"kickoffTBs":1,"rosterId":555746315,"scheduleId":545390706,"seasonIndex":7,"statId":549191934,"stageIndex":1,"teamId":1034158132,"weekIndex":7,"xPAtt":0,"xPMade":0,"xPCompPct":0},{"kickPts":0,"fGAtt":2,"fG50PlusAtt":0,"fG50PlusMade":0,"fGLongest":46,"fGMade":2,"fGCompPct":100,"fullName":"E.Pineiro","kickoffAtt":7,"kickoffTBs":3,"rosterId":555747363,"scheduleId":545390706,"seasonIndex":7,"statId":549192031,"stageIndex":1,"teamId":1034158132,"weekIndex":7,"xPAtt":4,"xPMade":4,"xPCompPct":100},{"kickPts":0,"fGAtt":0,"fG50PlusAtt":0,"fG50PlusMade":0,"fGLongest":0,"fGMade":0,"fGCompPct":0,"fullName":"S.Green","kickoffAtt":13,"kickoffTBs":8,"rosterId":555747585,"scheduleId":545390739,"seasonIndex":7,"statId":549192442,"stageIndex":1,"teamId":1034158139,"weekIndex":7,"xPAtt":12,"xPMade":12,"xPCompPct":100},{"kickPts":0,"fGAtt":0,"fG50PlusAtt":0,"fG50PlusMade":0,"fGLongest":0,"fGMade":0,"fGCompPct":0,"fullName":"W.McGowan","kickoffAtt":1,"kickoffTBs":0,"rosterId":555746484,"scheduleId":545390739,"seasonIndex":7,"statId":549192131,"stageIndex":1,"teamId":1034158141,"weekIndex":7,"xPAtt":0,"xPMade":0,"xPCompPct":0},{"kickPts":0,"fGAtt":0,"fG50PlusAtt":0,"fG50PlusMade":0,"fGLongest":0,"fGMade":0,"fGCompPct":0,"fullName":"K.Sanders","kickoffAtt":6,"kickoffTBs":3,"rosterId":555746379,"scheduleId":545390748,"seasonIndex":7,"statId":549192468,"stageIndex":1,"teamId":1034158123,"weekIndex":7,"xPAtt":5,"xPMade":5,"xPCompPct":100},{"kickPts":0,"fGAtt":0,"fG50PlusAtt":0,"fG50PlusMade":0,"fGLongest":0,"fGMade":0,"fGCompPct":0,"fullName":"A.Rose","kickoffAtt":0,"kickoffTBs":0,"rosterId":555746610,"scheduleId":545390748,"seasonIndex":7,"statId":549191939,"stageIndex":1,"teamId":1034158122,"weekIndex":7,"xPAtt":4,"xPMade":4,"xPCompPct":100},{"kickPts":0,"fGAtt":0,"fG50PlusAtt":0,"fG50PlusMade":0,"fGLongest":0,"fGMade":0,"fGCompPct":0,"fullName":"A.Cole III","kickoffAtt":5,"kickoffTBs":4,"rosterId":555748328,"scheduleId":545390748,"seasonIndex":7,"statId":549191735,"stageIndex":1,"teamId":1034158122,"weekIndex":7,"xPAtt":0,"xPMade":0,"xPCompPct":0},{"kickPts":0,"fGAtt":2,"fG50PlusAtt":1,"fG50PlusMade":1,"fGLongest":52,"fGMade":2,"fGCompPct":100,"fullName":"J.Slye","kickoffAtt":6,"kickoffTBs":3,"rosterId":555748339,"scheduleId":545390749,"seasonIndex":7,"statId":549191909,"stageIndex":1,"teamId":1034158143,"weekIndex":7,"xPAtt":2,"xPMade":2,"xPCompPct":100},{"kickPts":0,"fGAtt":0,"fG50PlusAtt":0,"fG50PlusMade":0,"fGLongest":0,"fGMade":0,"fGCompPct":0,"fullName":"R.Sanchez","kickoffAtt":5,"kickoffTBs":4,"rosterId":555747570,"scheduleId":545390749,"seasonIndex":7,"statId":549191970,"stageIndex":1,"teamId":1034158130,"weekIndex":7,"xPAtt":0,"xPMade":0,"xPCompPct":0},{"kickPts":0,"fGAtt":4,"fG50PlusAtt":2,"fG50PlusMade":0,"fGLongest":28,"fGMade":2,"fGCompPct":50,"fullName":"C.Boswell","kickoffAtt":0,"kickoffTBs":0,"rosterId":555745530,"scheduleId":545390749,"seasonIndex":7,"statId":549191707,"stageIndex":1,"teamId":1034158130,"weekIndex":7,"xPAtt":2,"xPMade":2,"xPCompPct":100},{"kickPts":0,"fGAtt":4,"fG50PlusAtt":0,"fG50PlusMade":0,"fGLongest":44,"fGMade":4,"fGCompPct":100,"fullName":"H.Butker","kickoffAtt":8,"kickoffTBs":2,"rosterId":555745643,"scheduleId":545390762,"seasonIndex":7,"statId":549192412,"stageIndex":1,"teamId":1034158145,"weekIndex":7,"xPAtt":3,"xPMade":3,"xPCompPct":100},{"kickPts":0,"fGAtt":0,"fG50PlusAtt":0,"fG50PlusMade":0,"fGLongest":0,"fGMade":0,"fGCompPct":0,"fullName":"Z.Gonzalez","kickoffAtt":3,"kickoffTBs":0,"rosterId":555746245,"scheduleId":545390762,"seasonIndex":7,"statId":549192655,"stageIndex":1,"teamId":1034158125,"weekIndex":7,"xPAtt":1,"xPMade":1,"xPCompPct":100},{"kickPts":0,"fGAtt":0,"fG50PlusAtt":0,"fG50PlusMade":0,"fGLongest":0,"fGMade":0,"fGCompPct":0,"fullName":"J.McAllister","kickoffAtt":4,"kickoffTBs":3,"rosterId":555746267,"scheduleId":545390764,"seasonIndex":7,"statId":549192437,"stageIndex":1,"teamId":1034158140,"weekIndex":7,"xPAtt":0,"xPMade":0,"xPCompPct":0},{"kickPts":0,"fGAtt":1,"fG50PlusAtt":0,"fG50PlusMade":0,"fGLongest":38,"fGMade":1,"fGCompPct":100,"fullName":"M.Anders","kickoffAtt":0,"kickoffTBs":0,"rosterId":555747667,"scheduleId":545390764,"seasonIndex":7,"statId":549192448,"stageIndex":1,"teamId":1034158140,"weekIndex":7,"xPAtt":3,"xPMade":3,"xPCompPct":100},{"kickPts":0,"fGAtt":1,"fG50PlusAtt":1,"fG50PlusMade":1,"fGLongest":53,"fGMade":1,"fGCompPct":100,"fullName":"J.Tucker","kickoffAtt":6,"kickoffTBs":1,"rosterId":555747927,"scheduleId":545390764,"seasonIndex":7,"statId":549192432,"stageIndex":1,"teamId":1034158128,"weekIndex":7,"xPAtt":4,"xPMade":4,"xPCompPct":100},{"kickPts":0,"fGAtt":1,"fG50PlusAtt":1,"fG50PlusMade":0,"fGLongest":0,"fGMade":0,"fGCompPct":0,"fullName":"S.Starkey","kickoffAtt":1,"kickoffTBs":0,"rosterId":555747247,"scheduleId":545390779,"seasonIndex":7,"statId":549191768,"stageIndex":1,"teamId":1034158146,"weekIndex":7,"xPAtt":0,"xPMade":0,"xPCompPct":0},{"kickPts":0,"fGAtt":0,"fG50PlusAtt":0,"fG50PlusMade":0,"fGLongest":0,"fGMade":0,"fGCompPct":0,"fullName":"S.Copeland","kickoffAtt":6,"kickoffTBs":1,"rosterId":555747764,"scheduleId":545390779,"seasonIndex":7,"statId":549192581,"stageIndex":1,"teamId":1034158134,"weekIndex":7,"xPAtt":0,"xPMade":0,"xPCompPct":0},{"kickPts":0,"fGAtt":3,"fG50PlusAtt":0,"fG50PlusMade":0,"fGLongest":42,"fGMade":2,"fGCompPct":66.666664,"fullName":"M.Gay","kickoffAtt":0,"kickoffTBs":0,"rosterId":555746201,"scheduleId":545390779,"seasonIndex":7,"statId":549191796,"stageIndex":1,"teamId":1034158134,"weekIndex":7,"xPAtt":3,"xPMade":3,"xPCompPct":100},{"kickPts":0,"fGAtt":0,"fG50PlusAtt":0,"fG50PlusMade":0,"fGLongest":0,"fGMade":0,"fGCompPct":0,"fullName":"T.Way","kickoffAtt":5,"kickoffTBs":1,"rosterId":555748045,"scheduleId":545390760,"seasonIndex":7,"statId":549191765,"stageIndex":1,"teamId":1034158087,"weekIndex":7,"xPAtt":0,"xPMade":0,"xPCompPct":0},{"kickPts":0,"fGAtt":2,"fG50PlusAtt":0,"fG50PlusMade":0,"fGLongest":48,"fGMade":1,"fGCompPct":50,"fullName":"D.Carlson","kickoffAtt":0,"kickoffTBs":0,"rosterId":555745689,"scheduleId":545390760,"seasonIndex":7,"statId":549192229,"stageIndex":1,"teamId":1034158087,"weekIndex":7,"xPAtt":3,"xPMade":3,"xPCompPct":100},{"kickPts":0,"fGAtt":2,"fG50PlusAtt":2,"fG50PlusMade":2,"fGLongest":53,"fGMade":2,"fGCompPct":100,"fullName":"M.Badgley","kickoffAtt":6,"kickoffTBs":2,"rosterId":555745401,"scheduleId":545390760,"seasonIndex":7,"statId":549192091,"stageIndex":1,"teamId":1034158121,"weekIndex":7,"xPAtt":3,"xPMade":3,"xPCompPct":100},{"kickPts":0,"fGAtt":1,"fG50PlusAtt":0,"fG50PlusMade":0,"fGLongest":49,"fGMade":1,"fGCompPct":100,"fullName":"A.Rosas","kickoffAtt":3,"kickoffTBs":0,"rosterId":555747532,"scheduleId":545390769,"seasonIndex":7,"statId":549191793,"stageIndex":1,"teamId":1034158080,"weekIndex":7,"xPAtt":1,"xPMade":1,"xPCompPct":100},{"kickPts":0,"fGAtt":0,"fG50PlusAtt":0,"fG50PlusMade":0,"fGLongest":0,"fGMade":0,"fGCompPct":0,"fullName":"C.Walton","kickoffAtt":5,"kickoffTBs":1,"rosterId":555745421,"scheduleId":545390769,"seasonIndex":7,"statId":549192197,"stageIndex":1,"teamId":1034158142,"weekIndex":7,"xPAtt":4,"xPMade":4,"xPCompPct":100},{"kickPts":0,"fGAtt":0,"fG50PlusAtt":0,"fG50PlusMade":0,"fGLongest":0,"fGMade":0,"fGCompPct":0,"fullName":"J.Hekker","kickoffAtt":8,"kickoffTBs":1,"rosterId":555746401,"scheduleId":545390698,"seasonIndex":7,"statId":549192112,"stageIndex":1,"teamId":1034158138,"weekIndex":7,"xPAtt":0,"xPMade":0,"xPCompPct":0},{"kickPts":0,"fGAtt":2,"fG50PlusAtt":1,"fG50PlusMade":1,"fGLongest":51,"fGMade":2,"fGCompPct":100,"fullName":"N.Murphy","kickoffAtt":0,"kickoffTBs":0,"rosterId":555745461,"scheduleId":545390698,"seasonIndex":7,"statId":549192084,"stageIndex":1,"teamId":1034158138,"weekIndex":7,"xPAtt":4,"xPMade":4,"xPCompPct":100},{"kickPts":0,"fGAtt":0,"fG50PlusAtt":0,"fG50PlusMade":0,"fGLongest":0,"fGMade":0,"fGCompPct":0,"fullName":"J.Chase","kickoffAtt":3,"kickoffTBs":1,"rosterId":555748034,"scheduleId":545390698,"seasonIndex":7,"statId":549191743,"stageIndex":1,"teamId":1034158137,"weekIndex":7,"xPAtt":0,"xPMade":0,"xPCompPct":0},{"kickPts":0,"fGAtt":2,"fG50PlusAtt":2,"fG50PlusMade":1,"fGLongest":56,"fGMade":1,"fGCompPct":50,"fullName":"B.McManus","kickoffAtt":0,"kickoffTBs":0,"rosterId":555747078,"scheduleId":545390698,"seasonIndex":7,"statId":549191837,"stageIndex":1,"teamId":1034158137,"weekIndex":7,"xPAtt":1,"xPMade":1,"xPCompPct":100},{"kickPts":0,"fGAtt":2,"fG50PlusAtt":0,"fG50PlusMade":0,"fGLongest":29,"fGMade":2,"fGCompPct":100,"fullName":"S.Haskins","kickoffAtt":7,"kickoffTBs":1,"rosterId":555745974,"scheduleId":545390746,"seasonIndex":7,"statId":549192366,"stageIndex":1,"teamId":1034158083,"weekIndex":7,"xPAtt":4,"xPMade":4,"xPCompPct":100},{"kickPts":0,"fGAtt":2,"fG50PlusAtt":0,"fG50PlusMade":0,"fGLongest":41,"fGMade":2,"fGCompPct":100,"fullName":"J.Tripp","kickoffAtt":10,"kickoffTBs":1,"rosterId":555747156,"scheduleId":545390746,"seasonIndex":7,"statId":549192350,"stageIndex":1,"teamId":1034158136,"weekIndex":7,"xPAtt":8,"xPMade":8,"xPCompPct":100},{"kickPts":0,"fGAtt":0,"fG50PlusAtt":0,"fG50PlusMade":0,"fGLongest":0,"fGMade":0,"fGCompPct":0,"fullName":"J.Gillan","kickoffAtt":4,"kickoffTBs":1,"rosterId":555748317,"scheduleId":545390743,"seasonIndex":7,"statId":549192421,"stageIndex":1,"teamId":1034158085,"weekIndex":7,"xPAtt":0,"xPMade":0,"xPCompPct":0},{"kickPts":0,"fGAtt":0,"fG50PlusAtt":0,"fG50PlusMade":0,"fGLongest":0,"fGMade":0,"fGCompPct":0,"fullName":"J.Sanders","kickoffAtt":0,"kickoffTBs":0,"rosterId":555747573,"scheduleId":545390743,"seasonIndex":7,"statId":549192453,"stageIndex":1,"teamId":1034158085,"weekIndex":7,"xPAtt":4,"xPMade":4,"xPCompPct":100},{"kickPts":0,"fGAtt":1,"fG50PlusAtt":1,"fG50PlusMade":1,"fGLongest":53,"fGMade":1,"fGCompPct":100,"fullName":"K.Fairbairn","kickoffAtt":7,"kickoffTBs":4,"rosterId":555746071,"scheduleId":545390743,"seasonIndex":7,"statId":549192089,"stageIndex":1,"teamId":1034158086,"weekIndex":7,"xPAtt":5,"xPMade":5,"xPCompPct":100},{"kickPts":0,"fGAtt":0,"fG50PlusAtt":0,"fG50PlusMade":0,"fGLongest":0,"fGMade":0,"fGCompPct":0,"fullName":"M.Wishnowsky","kickoffAtt":6,"kickoffTBs":5,"rosterId":555748188,"scheduleId":545390730,"seasonIndex":7,"statId":549192259,"stageIndex":1,"teamId":1034158135,"weekIndex":7,"xPAtt":0,"xPMade":0,"xPCompPct":0},{"kickPts":0,"fGAtt":1,"fG50PlusAtt":0,"fG50PlusMade":0,"fGLongest":44,"fGMade":1,"fGCompPct":100,"fullName":"E.Styles","kickoffAtt":0,"kickoffTBs":0,"rosterId":555747746,"scheduleId":545390730,"seasonIndex":7,"statId":549192701,"stageIndex":1,"teamId":1034158135,"weekIndex":7,"xPAtt":4,"xPMade":4,"xPCompPct":100},{"kickPts":0,"fGAtt":1,"fG50PlusAtt":1,"fG50PlusMade":0,"fGLongest":0,"fGMade":0,"fGCompPct":0,"fullName":"N.Elam","kickoffAtt":0,"kickoffTBs":0,"rosterId":555748242,"scheduleId":545390730,"seasonIndex":7,"statId":549192433,"stageIndex":1,"teamId":1034158126,"weekIndex":7,"xPAtt":3,"xPMade":3,"xPCompPct":100},{"kickPts":0,"fGAtt":0,"fG50PlusAtt":0,"fG50PlusMade":0,"fGLongest":0,"fGMade":0,"fGCompPct":0,"fullName":"T.Welch","kickoffAtt":4,"kickoffTBs":0,"rosterId":555746853,"scheduleId":545390730,"seasonIndex":7,"statId":549192166,"stageIndex":1,"teamId":1034158126,"weekIndex":7,"xPAtt":0,"xPMade":0,"xPCompPct":0}]