[{"defForcedFum":0,"defFumRec":0,"defIntsRec":0,"defPtsPerGame":35,"defPassYds":332,"defRushYds":142,"defRedZoneFGs":0,"defRedZones":2,"defRedZonePct":50,"defRedZoneTDs":1,"defSacks":4,"defTotalYds":474,"off4thDownAtt":0,"off4thDownConv":0,"off4thDownConvPct":0,"offFumLost":1,"offIntsLost":0,"off1stDowns":19,"offPtsPerGame":14.75,"offPassTDs":4,"offPassYds":228,"offRushTDs":0,"offRushYds":101,"offRedZoneFGs":0,"offRedZones":4,"offRedZonePct":75,"offRedZoneTDs":3,"offSacks":0,"off3rdDownAtt":10,"off3rdDownConv":4,"off3rdDownConvPct":40,"off2PtAtt":1,"off2PtConv":1,"off2PtConvPct":100,"offTotalYds":329,"offTotalYdsGained":430,"penalties":2,"penaltyYds":10,"scheduleId":545390706,"seed":16,"seasonIndex":7,"statId":538444199,"stageIndex":1,"totalLosses":7,"teamId":1034158131,"tODiff":-1,"tOGiveaways":1,"tOTakeaways":0,"totalTies":0,"totalWins":1,"weekIndex":7},{"defForcedFum":2,"defFumRec":2,"defIntsRec":0,"defPtsPerGame":31.375,"defPassYds":228,"defRushYds":101,"defRedZoneFGs":0,"defRedZones":4,"defRedZonePct":75,"defRedZoneTDs":3,"defSacks":1,"defTotalYds":329,"off4thDownAtt":2,"off4thDownConv":2,"off4thDownConvPct":100,"offFumLost":0,"offIntsLost":0,"off1stDowns":18,"offPtsPerGame":21.75,"offPassTDs":3,"offPassYds":332,"offRushTDs":1,"offRushYds":142,"offRedZoneFGs":0,"offRedZones":2,"offRedZonePct":50,"offRedZoneTDs":1,"offSacks":0,"off3rdDownAtt":15,"off3rdDownConv":8,"off3rdDownConvPct":53.333332,"off2PtAtt":0,"off2PtConv":0,"off2PtConvPct":0,"offTotalYds":474,"offTotalYdsGained":576,"penalties":5,"penaltyYds":62,"scheduleId":545390706,"seed":11,"seasonIndex":7,"statId":538444114,"stageIndex":1,"totalLosses":5,"teamId":1034158132,"tODiff":2,"tOGiveaways":0,"tOTakeaways":2,"totalTies":0,"totalWins":3,"weekIndex":7},{"defForcedFum":1,"defFumRec":1,"defIntsRec":2,"defPtsPerGame":10.5,"defPassYds":32,"defRushYds":73,"defRedZoneFGs":0,"defRedZones":0,"defRedZonePct":0,"defRedZoneTDs":0,"defSacks":4,"defTotalYds":105,"off4thDownAtt":0,"off4thDownConv":0,"off4thDownConvPct":0,"offFumLost":0,"offIntsLost":0,"off1stDowns":28,"offPtsPerGame":76,"offPassTDs":9,"offPassYds":533,"offRushTDs":3,"offRushYds":219,"offRedZoneFGs":0,"offRedZones":10,"offRedZonePct":100,"offRedZoneTDs":10,"offSacks":1,"off3rdDownAtt":3,"off3rdDownConv":3,"off3rdDownConvPct":100,"off2PtAtt":0,"off2PtConv":0,"off2PtConvPct":0,"offTotalYds":752,"offTotalYdsGained":840,"penalties":1,"penaltyYds":10,"scheduleId":545390739,"seed":1,"seasonIndex":7,"statId":538444190,"stageIndex":1,"totalLosses":0,"teamId":1034158139,"tODiff":3,"tOGiveaways":0,"tOTakeaways":3,"totalTies":0,"totalWins":8,"weekIndex":7},{"defForcedFum":0,"defFumRec":0,"defIntsRec":0,"defPtsPerGame":37.714287,"defPassYds":533,"defRushYds":219,"defRedZoneFGs":0,"defRedZones":10,"defRedZonePct":100,"defRedZoneTDs":10,"defSacks":1,"defTotalYds":752,"off4thDownAtt":0,"off4thDownConv":0,"off4thDownConvPct":0,"offFumLost":1,"offIntsLost":2,"off1stDowns":7,"offPtsPerGame":21,"offPassTDs":0,"offPassYds":32,"offRushTDs":0,"offRushYds":73,"offRedZoneFGs":0,"offRedZones":0,"offRedZonePct":0,"offRedZoneTDs":0,"offSacks":4,"off3rdDownAtt":12,"off3rdDownConv":3,"off3rdDownConvPct":25,"off2PtAtt":0,"off2PtConv":0,"off2PtConvPct":0,"offTotalYds":105,"offTotalYdsGained":191,"penalties":0,"penaltyYds":0,"scheduleId":545390739,"seed":10,"seasonIndex":7,"statId":538444151,"stageIndex":1,"totalLosses":4,"teamId":1034158141,"tODiff":-3,"tOGiveaways":3,"tOTakeaways":0,"totalTies":0,"totalWins":3,"weekIndex":7},{"defForcedFum":0,"defFumRec":0,"defIntsRec":1,"defPtsPerGame":28.142857,"defPassYds":298,"defRushYds":102,"defRedZoneFGs":0,"defRedZones":4,"defRedZonePct":100,"defRedZoneTDs":4,"defSacks":3,"defTotalYds":400,"off4thDownAtt":0,"off4thDownConv":0,"off4thDownConvPct":0,"offFumLost":0,"offIntsLost":1,"off1stDowns":13,"offPtsPerGame":21.285715,"offPassTDs":2,"offPassYds":205,"offRushTDs":3,"offRushYds":164,"offRedZoneFGs":0,"offRedZones":4,"offRedZonePct":75,"offRedZoneTDs":3,"offSacks":0,"off3rdDownAtt":10,"off3rdDownConv":6,"off3rdDownConvPct":60,"off2PtAtt":0,"off2PtConv":0,"off2PtConvPct":0,"offTotalYds":369,"offTotalYdsGained":432,"penalties":5,"penaltyYds":34,"scheduleId":545390748,"seed":13,"seasonIndex":7,"statId":538444404,"stageIndex":1,"totalLosses":5,"teamId":1034158123,"tODiff":0,"tOGiveaways":1,"tOTakeaways":1,"totalTies":0,"totalWins":2,"weekIndex":7},{"defForcedFum":0,"defFumRec":0,"defIntsRec":1,"defPtsPerGame":34.42857,"defPassYds":205,"defRushYds":164,"defRedZoneFGs":0,"defRedZones":4,"defRedZonePct":75,"defRedZoneTDs":3,"defSacks":2,"defTotalYds":369,"off4thDownAtt":0,"off4thDownConv":0,"off4thDownConvPct":0,"offFumLost":0,"offIntsLost":1,"off1stDowns":22,"offPtsPerGame":23.714285,"offPassTDs":2,"offPassYds":298,"offRushTDs":2,"offRushYds":102,"offRedZoneFGs":0,"offRedZones":4,"offRedZonePct":100,"offRedZoneTDs":4,"offSacks":0,"off3rdDownAtt":11,"off3rdDownConv":7,"off3rdDownConvPct":63.636364,"off2PtAtt":0,"off2PtConv":0,"off2PtConvPct":0,"offTotalYds":400,"offTotalYdsGained":473,"penalties":7,"penaltyYds":55,"scheduleId":545390748,"seed":4,"seasonIndex":7,"statId":538444307,"stageIndex":1,"totalLosses":2,"teamId":1034158122,"tODiff":0,"tOGiveaways":1,"tOTakeaways":1,"totalTies":0,"totalWins":5,"weekIndex":7},{"defForcedFum":0,"defFumRec":0,"defIntsRec":1,"defPtsPerGame":30.75,"defPassYds":330,"defRushYds":68,"defRedZoneFGs":2,"defRedZones":3,"defRedZonePct":100,"defRedZoneTDs":1,"defSacks":3,"defTotalYds":398,"off4thDownAtt":1,"off4thDownConv":0,"off4thDownConvPct":0,"offFumLost":0,"offIntsLost":1,"off1stDowns":20,"offPtsPerGame":22.25,"offPassTDs":1,"offPassYds":333,"offRushTDs":2,"offRushYds":86,"offRedZoneFGs":0,"offRedZones":3,"offRedZonePct":66.666664,"offRedZoneTDs":2,"offSacks":0,"off3rdDownAtt":10,"off3rdDownConv":3,"off3rdDownConvPct":30,"off2PtAtt":0,"off2PtConv":0,"off2PtConvPct":0,"offTotalYds":419,"offTotalYdsGained":449,"penalties":6,"penaltyYds":60,"scheduleId":545390749,"seed":6,"seasonIndex":7,"statId":538444161,"stageIndex":1,"totalLosses":2,"teamId":1034158143,"tODiff":0,"tOGiveaways":1,"tOTakeaways":1,"totalTies":0,"totalWins":6,"weekIndex":7},{"defForcedFum":0,"defFumRec":0,"defIntsRec":1,"defPtsPerGame":21.5,"defPassYds":333,"defRushYds":86,"defRedZoneFGs":0,"defRedZones":3,"defRedZonePct":66.666664,"defRedZoneTDs":2,"defSacks":4,"defTotalYds":419,"off4thDownAtt":2,"off4thDownConv":2,"off4thDownConvPct":100,"offFumLost":0,"offIntsLost":1,"off1stDowns":19,"offPtsPerGame":18.75,"offPassTDs":2,"offPassYds":330,"offRushTDs":0,"offRushYds":68,"offRedZoneFGs":2,"offRedZones":3,"offRedZonePct":100,"offRedZoneTDs":1,"offSacks":0,"off3rdDownAtt":14,"off3rdDownConv":7,"off3rdDownConvPct":50,"off2PtAtt":0,"off2PtConv":0,"off2PtConvPct":0,"offTotalYds":398,"offTotalYdsGained":473,"penalties":8,"penaltyYds":59,"scheduleId":545390749,"seed":14,"seasonIndex":7,"statId":538444403,"stageIndex":1,"totalLosses":6,"teamId":1034158130,"tODiff":0,"tOGiveaways":1,"tOTakeaways":1,"totalTies":0,"totalWins":2,"weekIndex":7},{"defForcedFum":0,"defFumRec":0,"defIntsRec":1,"defPtsPerGame":24.625,"defPassYds":155,"defRushYds":93,"defRedZoneFGs":0,"defRedZones":2,"defRedZonePct":100,"defRedZoneTDs":2,"defSacks":2,"defTotalYds":248,"off4thDownAtt":0,"off4thDownConv":0,"off4thDownConvPct":0,"offFumLost":0,"offIntsLost":1,"off1stDowns":19,"offPtsPerGame":30.75,"offPassTDs":2,"offPassYds":299,"offRushTDs":1,"offRushYds":99,"offRedZoneFGs":2,"offRedZones":5,"offRedZonePct":100,"offRedZoneTDs":3,"offSacks":2,"off3rdDownAtt":9,"off3rdDownConv":4,"off3rdDownConvPct":44.444443,"off2PtAtt":0,"off2PtConv":0,"off2PtConvPct":0,"offTotalYds":398,"offTotalYdsGained":423,"penalties":1,"penaltyYds":15,"scheduleId":545390762,"seed":7,"seasonIndex":7,"statId":538444591,"stageIndex":1,"totalLosses":2,"teamId":1034158145,"tODiff":0,"tOGiveaways":1,"tOTakeaways":1,"totalTies":0,"totalWins":6,"weekIndex":7},{"defForcedFum":0,"defFumRec":0,"defIntsRec":1,"defPtsPerGame":24.25,"defPassYds":299,"defRushYds":99,"defRedZoneFGs":2,"defRedZones":5,"defRedZonePct":100,"defRedZoneTDs":3,"defSacks":2,"defTotalYds":398,"off4thDownAtt":1,"off4thDownConv":0,"off4thDownConvPct":0,"offFumLost":0,"offIntsLost":1,"off1stDowns":12,"offPtsPerGame":26.375,"offPassTDs":2,"offPassYds":155,"offRushTDs":0,"offRushYds":93,"offRedZoneFGs":0,"offRedZones":2,"offRedZonePct":100,"offRedZoneTDs":2,"offSacks":2,"off3rdDownAtt":8,"off3rdDownConv":1,"off3rdDownConvPct":12.5,"off2PtAtt":0,"off2PtConv":0,"off2PtConvPct":0,"offTotalYds":248,"offTotalYdsGained":340,"penalties":2,"penaltyYds":20,"scheduleId":545390762,"seed":8,"seasonIndex":7,"statId":538444201,"stageIndex":1,"totalLosses":4,"teamId":1034158125,"tODiff":0,"tOGiveaways":1,"tOTakeaways":1,"totalTies":0,"totalWins":4,"weekIndex":7},{"defForcedFum":0,"defFumRec":0,"defIntsRec":0,"defPtsPerGame":18.142857,"defPassYds":271,"defRushYds":101,"defRedZoneFGs":0,"defRedZones":4,"defRedZonePct":50,"defRedZoneTDs":2,"defSacks":4,"defTotalYds":372,"off4thDownAtt":0,"off4thDownConv":0,"off4thDownConvPct":0,"offFumLost":0,"offIntsLost":0,"off1stDowns":17,"offPtsPerGame":21.142857,"offPassTDs":1,"offPassYds":241,"offRushTDs":2,"offRushYds":74,"offRedZoneFGs":0,"offRedZones":3,"offRedZonePct":100,"offRedZoneTDs":3,"offSacks":0,"off3rdDownAtt":10,"off3rdDownConv":5,"off3rdDownConvPct":50,"off2PtAtt":0,"off2PtConv":0,"off2PtConvPct":0,"offTotalYds":315,"offTotalYdsGained":440,"penalties":6,"penaltyYds":78,"scheduleId":545390764,"seed":3,"seasonIndex":7,"statId":538444450,"stageIndex":1,"totalLosses":3,"teamId":1034158140,"tODiff":0,"tOGiveaways":0,"tOTakeaways":0,"totalTies":0,"totalWins":4,"weekIndex":7},{"defForcedFum":0,"defFumRec":0,"defIntsRec":0,"defPtsPerGame":23.625,"defPassYds":241,"defRushYds":74,"defRedZoneFGs":0,"defRedZones":3,"defRedZonePct":100,"defRedZoneTDs":3,"defSacks":0,"defTotalYds":315,"off4thDownAtt":1,"off4thDownConv":1,"off4thDownConvPct":100,"offFumLost":0,"offIntsLost":0,"off1stDowns":23,"offPtsPerGame":25.75,"offPassTDs":4,"offPassYds":271,"offRushTDs":0,"offRushYds":101,"offRedZoneFGs":0,"offRedZones":4,"offRedZonePct":50,"offRedZoneTDs":2,"offSacks":0,"off3rdDownAtt":12,"off3rdDownConv":6,"off3rdDownConvPct":50,"off2PtAtt":0,"off2PtConv":0,"off2PtConvPct":0,"offTotalYds":372,"offTotalYdsGained":392,"penalties":8,"penaltyYds":64,"scheduleId":545390764,"seed":5,"seasonIndex":7,"statId":538444217,"stageIndex":1,"totalLosses":4,"teamId":1034158128,"tODiff":0,"tOGiveaways":0,"tOTakeaways":0,"totalTies":0,"totalWins":4,"weekIndex":7},{"defForcedFum":0,"defFumRec":0,"defIntsRec":0,"defPtsPerGame":31.857143,"defPassYds":208,"defRushYds":149,"defRedZoneFGs":1,"defRedZones":5,"defRedZonePct":60,"defRedZoneTDs":2,"defSacks":2,"defTotalYds":357,"off4thDownAtt":3,"off4thDownConv":1,"off4thDownConvPct":33.333332,"offFumLost":0,"offIntsLost":1,"off1stDowns":9,"offPtsPerGame":18.142857,"offPassTDs":0,"offPassYds":116,"offRushTDs":0,"offRushYds":81,"offRedZoneFGs":0,"offRedZones":1,"offRedZonePct":0,"offRedZoneTDs":0,"offSacks":0,"off3rdDownAtt":12,"off3rdDownConv":1,"off3rdDownConvPct":8.333333,"off2PtAtt":0,"off2PtConv":0,"off2PtConvPct":0,"offTotalYds":197,"offTotalYdsGained":329,"penalties":10,"penaltyYds":61,"scheduleId":545390779,"seed":16,"seasonIndex":7,"statId":538444146,"stageIndex":1,"totalLosses":6,"teamId":1034158146,"tODiff":-1,"tOGiveaways":1,"tOTakeaways":0,"totalTies":0,"totalWins":1,"weekIndex":7},{"defForcedFum":0,"defFumRec":0,"defIntsRec":1,"defPtsPerGame":26.125,"defPassYds":116,"defRushYds":81,"defRedZoneFGs":0,"defRedZones":1,"defRedZonePct":0,"defRedZoneTDs":0,"defSacks":1,"defTotalYds":197,"off4thDownAtt":0,"off4thDownConv":0,"off4thDownConvPct":0,"offFumLost":0,"offIntsLost":0,"off1stDowns":17,"offPtsPerGame":21.375,"offPassTDs":2,"offPassYds":208,"offRushTDs":1,"offRushYds":149,"offRedZoneFGs":1,"offRedZones":5,"offRedZonePct":60,"offRedZoneTDs":2,"offSacks":0,"off3rdDownAtt":13,"off3rdDownConv":7,"off3rdDownConvPct":53.846153,"off2PtAtt":0,"off2PtConv":0,"off2PtConvPct":0,"offTotalYds":357,"offTotalYdsGained":394,"penalties":6,"penaltyYds":50,"scheduleId":545390779,"seed":4,"seasonIndex":7,"statId":538444493,"stageIndex":1,"totalLosses":4,"teamId":1034158134,"tODiff":1,"tOGiveaways":0,"tOTakeaways":1,"totalTies":1,"totalWins":3,"weekIndex":7},{"defForcedFum":2,"defFumRec":2,"defIntsRec":0,"defPtsPerGame":19.714285,"defPassYds":275,"defRushYds":79,"defRedZoneFGs":0,"defRedZones":3,"defRedZonePct":100,"defRedZoneTDs":3,"defSacks":1,"defTotalYds":354,"off4thDownAtt":4,"off4thDownConv":3,"off4thDownConvPct":75,"offFumLost":0,"offIntsLost":0,"off1stDowns":22,"offPtsPerGame":22,"offPassTDs":2,"offPassYds":266,"offRushTDs":1,"offRushYds":122,"offRedZoneFGs":0,"offRedZones":4,"offRedZonePct":50,"offRedZoneTDs":2,"offSacks":0,"off3rdDownAtt":14,"off3rdDownConv":7,"off3rdDownConvPct":50,"off2PtAtt":0,"off2PtConv":0,"off2PtConvPct":0,"offTotalYds":388,"offTotalYdsGained":485,"penalties":8,"penaltyYds":75,"scheduleId":545390760,"seed":2,"seasonIndex":7,"statId":538444223,"stageIndex":1,"totalLosses":3,"teamId":1034158087,"tODiff":2,"tOGiveaways":0,"tOTakeaways":2,"totalTies":0,"totalWins":4,"weekIndex":7},{"defForcedFum":0,"defFumRec":0,"defIntsRec":0,"defPtsPerGame":30.875,"defPassYds":266,"defRushYds":122,"defRedZoneFGs":0,"defRedZones":4,"defRedZonePct":50,"defRedZoneTDs":2,"defSacks":2,"defTotalYds":388,"off4thDownAtt":0,"off4thDownConv":0,"off4thDownConvPct":0,"offFumLost":1,"offIntsLost":0,"off1stDowns":19,"offPtsPerGame":18,"offPassTDs":3,"offPassYds":275,"offRushTDs":0,"offRushYds":79,"offRedZoneFGs":0,"offRedZones":3,"offRedZonePct":100,"offRedZoneTDs":3,"offSacks":0,"off3rdDownAtt":10,"off3rdDownConv":7,"off3rdDownConvPct":70,"off2PtAtt":0,"off2PtConv":0,"off2PtConvPct":0,"offTotalYds":354,"offTotalYdsGained":444,"penalties":3,"penaltyYds":30,"scheduleId":545390760,"seed":9,"seasonIndex":7,"statId":538444410,"stageIndex":1,"totalLosses":4,"teamId":1034158121,"tODiff":-1,"tOGiveaways":1,"tOTakeaways":0,"totalTies":0,"totalWins":4,"weekIndex":7},{"defForcedFum":0,"defFumRec":0,"defIntsRec":0,"defPtsPerGame":28.75,"defPassYds":140,"defRushYds":165,"defRedZoneFGs":0,"defRedZones":5,"defRedZonePct":80,"defRedZoneTDs":4,"defSacks":1,"defTotalYds":305,"off4thDownAtt":4,"off4thDownConv":1,"off4thDownConvPct":25,"offFumLost":0,"offIntsLost":2,"off1stDowns":10,"offPtsPerGame":17.375,"offPassTDs":1,"offPassYds":162,"offRushTDs":0,"offRushYds":53,"offRedZoneFGs":0,"offRedZones":1,"offRedZonePct":0,"offRedZoneTDs":0,"offSacks":0,"off3rdDownAtt":10,"off3rdDownConv":2,"off3rdDownConvPct":20,"off2PtAtt":0,"off2PtConv":0,"off2PtConvPct":0,"offTotalYds":215,"offTotalYdsGained":336,"penalties":6,"penaltyYds":34,"scheduleId":545390769,"seed":15,"seasonIndex":7,"statId":538444553,"stageIndex":1,"totalLosses":6,"teamId":1034158080,"tODiff":-2,"tOGiveaways":2,"tOTakeaways":0,"totalTies":0,"totalWins":2,"weekIndex":7},{"defForcedFum":0,"defFumRec":0,"defIntsRec":2,"defPtsPerGame":28.285715,"defPassYds":162,"defRushYds":53,"defRedZoneFGs":0,"defRedZones":1,"defRedZonePct":0,"defRedZoneTDs":0,"defSacks":3,"defTotalYds":215,"off4thDownAtt":2,"off4thDownConv":1,"off4thDownConvPct":50,"offFumLost":0,"offIntsLost":0,"off1stDowns":16,"offPtsPerGame":17.714285,"offPassTDs":3,"offPassYds":140,"offRushTDs":1,"offRushYds":165,"offRedZoneFGs":0,"offRedZones":5,"offRedZonePct":80,"offRedZoneTDs":4,"offSacks":0,"off3rdDownAtt":17,"off3rdDownConv":11,"off3rdDownConvPct":64.705879,"off2PtAtt":0,"off2PtConv":0,"off2PtConvPct":0,"offTotalYds":305,"offTotalYdsGained":384,"penalties":5,"penaltyYds":38,"scheduleId":545390769,"seed":9,"seasonIndex":7,"statId":538444590,"stageIndex":1,"totalLosses":4,"teamId":1034158142,"tODiff":2,"tOGiveaways":0,"tOTakeaways":2,"totalTies":0,"totalWins":3,"weekIndex":7},{"defForcedFum":0,"defFumRec":0,"defIntsRec":1,"defPtsPerGame":22.571428,"defPassYds":108,"defRushYds":80,"defRedZoneFGs":0,"defRedZones":1,"defRedZonePct":100,"defRedZoneTDs":1,"defSacks":2,"defTotalYds":188,"off4thDownAtt":1,"off4thDownConv":1,"off4thDownConvPct":100,"offFumLost":0,"offIntsLost":0,"off1stDowns":24,"offPtsPerGame":25,"offPassTDs":2,"offPassYds":155,"offRushTDs":3,"offRushYds":275,"offRedZoneFGs":0,"offRedZones":5,"offRedZonePct":60,"offRedZoneTDs":3,"offSacks":0,"off3rdDownAtt":12,"off3rdDownConv":7,"off3rdDownConvPct":58.333332,"off2PtAtt":0,"off2PtConv":0,"off2PtConvPct":0,"offTotalYds":430,"offTotalYdsGained":488,"penalties":6,"penaltyYds":50,"scheduleId":545390698,"seed":7,"seasonIndex":7,"statId":538444496,"stageIndex":1,"totalLosses":3,"teamId":1034158138,"tODiff":1,"tOGiveaways":0,"tOTakeaways":1,"totalTies":0,"totalWins":4,"weekIndex":7},{"defForcedFum":0,"defFumRec":0,"defIntsRec":0,"defPtsPerGame":40.857143,"defPassYds":155,"defRushYds":275,"defRedZoneFGs":0,"defRedZones":5,"defRedZonePct":60,"defRedZoneTDs":3,"defSacks":0,"defTotalYds":430,"off4thDownAtt":0,"off4thDownConv":0,"off4thDownConvPct":0,"offFumLost":0,"offIntsLost":1,"off1stDowns":8,"offPtsPerGame":18.285715,"offPassTDs":0,"offPassYds":108,"offRushTDs":1,"offRushYds":80,"offRedZoneFGs":0,"offRedZones":1,"offRedZonePct":100,"offRedZoneTDs":1,"offSacks":0,"off3rdDownAtt":11,"off3rdDownConv":3,"off3rdDownConvPct":27.272728,"off2PtAtt":0,"off2PtConv":0,"off2PtConvPct":0,"offTotalYds":188,"offTotalYdsGained":371,"penalties":6,"penaltyYds":48,"scheduleId":545390698,"seed":15,"seasonIndex":7,"statId":538444369,"stageIndex":1,"totalLosses":6,"teamId":1034158137,"tODiff":-1,"tOGiveaways":1,"tOTakeaways":0,"totalTies":0,"totalWins":1,"weekIndex":7},{"defForcedFum":1,"defFumRec":1,"defIntsRec":1,"defPtsPerGame":23.888889,"defPassYds":334,"defRushYds":133,"defRedZoneFGs":1,"defRedZones":7,"defRedZonePct":85.714287,"defRedZoneTDs":5,"defSacks":4,"defTotalYds":467,"off4thDownAtt":1,"off4thDownConv":0,"off4thDownConvPct":0,"offFumLost":3,"offIntsLost":3,"off1stDowns":15,"offPtsPerGame":39.333332,"offPassTDs":4,"offPassYds":366,"offRushTDs":0,"offRushYds":89,"offRedZoneFGs":2,"offRedZones":4,"offRedZonePct":100,"offRedZoneTDs":2,"offSacks":6,"off3rdDownAtt":10,"off3rdDownConv":4,"off3rdDownConvPct":40,"off2PtAtt":0,"off2PtConv":0,"off2PtConvPct":0,"offTotalYds":455,"offTotalYdsGained":615,"penalties":4,"penaltyYds":58,"scheduleId":545390746,"seed":5,"seasonIndex":7,"statId":538444462,"stageIndex":1,"totalLosses":1,"teamId":1034158083,"tODiff":-4,"tOGiveaways":6,"tOTakeaways":2,"totalTies":0,"totalWins":8,"weekIndex":7},{"defForcedFum":3,"defFumRec":3,"defIntsRec":3,"defPtsPerGame":23.428572,"defPassYds":366,"defRushYds":89,"defRedZoneFGs":2,"defRedZones":4,"defRedZonePct":100,"defRedZoneTDs":2,"defSacks":6,"defTotalYds":455,"off4thDownAtt":2,"off4thDownConv":1,"off4thDownConvPct":50,"offFumLost":1,"offIntsLost":1,"off1stDowns":15,"offPtsPerGame":72.428574,"offPassTDs":4,"offPassYds":334,"offRushTDs":2,"offRushYds":133,"offRedZoneFGs":1,"offRedZones":7,"offRedZonePct":85.714287,"offRedZoneTDs":5,"offSacks":4,"off3rdDownAtt":11,"off3rdDownConv":5,"off3rdDownConvPct":45.454544,"off2PtAtt":0,"off2PtConv":0,"off2PtConvPct":0,"offTotalYds":467,"offTotalYdsGained":619,"penalties":4,"penaltyYds":63,"scheduleId":545390746,"seed":2,"seasonIndex":7,"statId":538444230,"stageIndex":1,"totalLosses":0,"teamId":1034158136,"tODiff":4,"tOGiveaways":2,"tOTakeaways":6,"totalTies":0,"totalWins":7,"weekIndex":7},{"defForcedFum":0,"defFumRec":0,"defIntsRec":1,"defPtsPerGame":28.625,"defPassYds":280,"defRushYds":133,"defRedZoneFGs":0,"defRedZones":5,"defRedZonePct":60,"defRedZoneTDs":3,"defSacks":2,"defTotalYds":413,"off4thDownAtt":3,"off4thDownConv":3,"off4thDownConvPct":100,"offFumLost":1,"offIntsLost":0,"off1stDowns":14,"offPtsPerGame":24,"offPassTDs":3,"offPassYds":247,"offRushTDs":1,"offRushYds":62,"offRedZoneFGs":0,"offRedZones":4,"offRedZonePct":100,"offRedZoneTDs":4,"offSacks":0,"off3rdDownAtt":13,"off3rdDownConv":6,"off3rdDownConvPct":46.153847,"off2PtAtt":0,"off2PtConv":0,"off2PtConvPct":0,"offTotalYds":309,"offTotalYdsGained":385,"penalties":7,"penaltyYds":51,"scheduleId":545390743,"seed":13,"seasonIndex":7,"statId":538444260,"stageIndex":1,"totalLosses":6,"teamId":1034158085,"tODiff":0,"tOGiveaways":1,"tOTakeaways":1,"totalTies":0,"totalWins":2,"weekIndex":7},{"defForcedFum":2,"defFumRec":2,"defIntsRec":0,"defPtsPerGame":29.625,"defPassYds":247,"defRushYds":62,"defRedZoneFGs":0,"defRedZones":4,"defRedZonePct":100,"defRedZoneTDs":4,"defSacks":3,"defTotalYds":309,"off4thDownAtt":0,"off4thDownConv":0,"off4thDownConvPct":0,"offFumLost":0,"offIntsLost":1,"off1stDowns":22,"offPtsPerGame":23.125,"offPassTDs":2,"offPassYds":280,"offRushTDs":3,"offRushYds":133,"offRedZoneFGs":0,"offRedZones":5,"offRedZonePct":60,"offRedZoneTDs":3,"offSacks":0,"off3rdDownAtt":12,"off3rdDownConv":11,"off3rdDownConvPct":91.666664,"off2PtAtt":0,"off2PtConv":0,"off2PtConvPct":0,"offTotalYds":413,"offTotalYdsGained":493,"penalties":4,"penaltyYds":22,"scheduleId":545390743,"seed":1,"seasonIndex":7,"statId":538444376,"stageIndex":1,"totalLosses":3,"teamId":1034158086,"tODiff":1,"tOGiveaways":1,"tOTakeaways":2,"totalTies":0,"totalWins":5,"weekIndex":7},{"defForcedFum":2,"defFumRec":2,"defIntsRec":1,"defPtsPerGame":17.142857,"defPassYds":360,"defRushYds":70,"defRedZoneFGs":0,"defRedZones":2,"defRedZonePct":0,"defRedZoneTDs":0,"defSacks":2,"defTotalYds":430,"off4thDownAtt":2,"off4thDownConv":2,"off4thDownConvPct":100,"offFumLost":0,"offIntsLost":1,"off1stDowns":19,"offPtsPerGame":23.285715,"offPassTDs":1,"offPassYds":252,"offRushTDs":3,"offRushYds":97,"offRedZoneFGs":0,"offRedZones":4,"offRedZonePct":100,"offRedZoneTDs":4,"offSacks":0,"off3rdDownAtt":16,"off3rdDownConv":7,"off3rdDownConvPct":43.75,"off2PtAtt":0,"off2PtConv":0,"off2PtConvPct":0,"offTotalYds":349,"offTotalYdsGained":457,"penalties":8,"penaltyYds":60,"scheduleId":545390730,"seed":6,"seasonIndex":7,"statId":538444432,"stageIndex":1,"totalLosses":3,"teamId":1034158135,"tODiff":2,"tOGiveaways":1,"tOTakeaways":3,"totalTies":0,"totalWins":4,"weekIndex":7},{"defForcedFum":0,"defFumRec":0,"defIntsRec":1,"defPtsPerGame":33.375,"defPassYds":252,"defRushYds":97,"defRedZoneFGs":0,"defRedZones":4,"defRedZonePct":100,"defRedZoneTDs":4,"defSacks":2,"defTotalYds":349,"off4thDownAtt":0,"off4thDownConv":0,"off4thDownConvPct":0,"offFumLost":1,"offIntsLost":1,"off1stDowns":14,"offPtsPerGame":23.75,"offPassTDs":3,"offPassYds":360,"offRushTDs":0,"offRushYds":70,"offRedZoneFGs":0,"offRedZones":2,"offRedZonePct":0,"offRedZoneTDs":0,"offSacks":0,"off3rdDownAtt":9,"off3rdDownConv":2,"off3rdDownConvPct":22.222221,"off2PtAtt":0,"off2PtConv":0,"off2PtConvPct":0,"offTotalYds":430,"offTotalYdsGained":461,"penalties":6,"penaltyYds":60,"scheduleId":545390730,"seed":14,"seasonIndex":7,"statId":538444172,"stageIndex":1,"totalLosses":6,"teamId":1034158126,"tODiff":-1,"tOGiveaways":2,"tOTakeaways":1,"totalTies":0,"totalWins":2,"weekIndex":7}]